zone,source,site,lon,lat,dist,cell_numbers
BAY_OF_BISCAY,REPHY,Anse du Piquet,-1.6500000947949975,46.44,0.65,2261143
BAY_OF_BISCAY,REPHY,Anse du Piquet,-1.6500000947949975,46.43,0.46,2262810
BAY_OF_BISCAY,REPHY,Arcachon - Bouée 7,-1.275000098229599,44.55,1.24,2576231
BAY_OF_BISCAY,REPHY,Arcachon - Bouée 7,-1.260000098366983,44.55,0.91,2576232
BAY_OF_BISCAY,REPHY,Arcachon - Bouée 7,-1.275000098229599,44.54,0.93,2577898
BAY_OF_BISCAY,REPHY,Arcachon - Bouée 7,-1.260000098366983,44.54,0.39,2577899
BAY_OF_BISCAY,REPHY,Auger,-1.2150000987791352,45.8,0.76,2367860
BAY_OF_BISCAY,REPHY,Auger,-1.2000000989165192,45.8,0.41,2367861
BAY_OF_BISCAY,REPHY,Baie d'Yves (a),-1.1250000996034395,46.019999999999996,0.99,2331192
BAY_OF_BISCAY,REPHY,Baie d'Yves (a),-1.1100000997408235,46.019999999999996,0.36,2331193
BAY_OF_BISCAY,REPHY,Baie d'Yves (a),-1.1250000996034395,46.01,1.25,2332859
BAY_OF_BISCAY,REPHY,Baie d'Yves (a),-1.1100000997408235,46.01,0.85,2332860
BAY_OF_BISCAY,REPHY,Bouée de St Georges,-1.0200001005651278,45.589999999999996,0.94,2402880
BAY_OF_BISCAY,REPHY,Bouée de St Georges,-1.0200001005651278,45.58,0.22,2404547
BAY_OF_BISCAY,REPHY,Bouée des palles,-1.1700000991912873,46,1.17,2334523
BAY_OF_BISCAY,REPHY,Bouée des palles,-1.1550000993286713,46,0.93,2334524
BAY_OF_BISCAY,REPHY,Bouée des palles,-1.1700000991912873,45.99,0.83,2336190
BAY_OF_BISCAY,REPHY,Bouée des palles,-1.1550000993286713,45.99,0.45,2336191
BAY_OF_BISCAY,REPHY,Boyard,-1.2150000987791352,45.97,0.53,2339521
BAY_OF_BISCAY,REPHY,Boyard,-1.2000000989165192,45.97,0.67,2339522
BAY_OF_BISCAY,REPHY,Boyard,-1.2150000987791352,45.96,1.09,2341188
BAY_OF_BISCAY,REPHY,Boyard,-1.2000000989165192,45.96,1.16,2341189
BAY_OF_BISCAY,REPHY,Brouage,-1.1250000996034393,45.91,0.78,2349529
BAY_OF_BISCAY,REPHY,Brouage,-1.1250000996034393,45.9,0.33,2351196
BAY_OF_BISCAY,REPHY,Comprian (e),-1.1100000997408237,44.67999999999999,0.85,2554571
BAY_OF_BISCAY,REPHY,Comprian (e),-1.0950000998782077,44.67999999999999,0.34,2554572
BAY_OF_BISCAY,REPHY,Cotard,-1.1100000997408235,45.78,0.55,2371201
BAY_OF_BISCAY,REPHY,Cotard,-1.1100000997408235,45.77,0.58,2372868
BAY_OF_BISCAY,REPHY,Côte Sauvage,-1.290000098092215,45.73,0.84,2379524
BAY_OF_BISCAY,REPHY,Côte Sauvage,-1.275000098229599,45.73,0.57,2379525
BAY_OF_BISCAY,REPHY,Côte Sauvage,-1.290000098092215,45.72,1.04,2381191
BAY_OF_BISCAY,REPHY,Côte Sauvage,-1.275000098229599,45.72,0.84,2381192
BAY_OF_BISCAY,REPHY,Ecocéan,-1.5600000956193019,44.629999999999995,0.22,2562876
BAY_OF_BISCAY,REPHY,Ecocéan,-1.5600000956193019,44.62,0.91,2564543
BAY_OF_BISCAY,REPHY,Filière w,-1.3800000972679107,46.28,0.31,2287833
BAY_OF_BISCAY,REPHY,Filière w,-1.3650000974052947,46.28,0.94,2287834
BAY_OF_BISCAY,REPHY,Filière w,-1.3800000972679107,46.27,0.94,2289500
BAY_OF_BISCAY,REPHY,Filière w,-1.3650000974052947,46.27,1.29,2289501
BAY_OF_BISCAY,REPHY,Fosse Loix,-1.4100000969931425,46.23,0.31,2296166
BAY_OF_BISCAY,REPHY,Fosse Loix,-1.3950000971305265,46.23,1.03,2296167
BAY_OF_BISCAY,REPHY,Fosse Loix,-1.4100000969931425,46.22,0.87,2297833
BAY_OF_BISCAY,REPHY,Fosse Loix,-1.3950000971305265,46.22,1.31,2297834
BAY_OF_BISCAY,REPHY,Gironde - PK 86,-0.960000101114664,45.519999999999996,0.84,2414553
BAY_OF_BISCAY,REPHY,Gironde - PK 86,-0.9450001012520481,45.519999999999996,0.69,2414554
BAY_OF_BISCAY,REPHY,Gironde - PK 86,-0.960000101114664,45.51,0.92,2416220
BAY_OF_BISCAY,REPHY,Gironde - PK 86,-0.9450001012520481,45.51,0.79,2416221
BAY_OF_BISCAY,REPHY,Gironde - PK52 DCE,-0.7350001031754249,45.25,0.84,2459577
BAY_OF_BISCAY,REPHY,Gironde - PK52 DCE,-0.720000103312809,45.25,0.69,2459578
BAY_OF_BISCAY,REPHY,Gironde - PK52 DCE,-0.7350001031754249,45.24,0.93,2461244
BAY_OF_BISCAY,REPHY,Gironde - PK52 DCE,-0.720000103312809,45.24,0.79,2461245
BAY_OF_BISCAY,REPHY,Ile d'Aix,-1.1550000993286715,46.019999999999996,0.44,2331190
BAY_OF_BISCAY,REPHY,Ile d'Aix,-1.1400000994660555,46.019999999999996,1.06,2331191
BAY_OF_BISCAY,REPHY,Ile d'Aix,-1.1550000993286715,46.01,0.73,2332857
BAY_OF_BISCAY,REPHY,Ile d'Aix,-1.1400000994660555,46.01,1.22,2332858
BAY_OF_BISCAY,REPHY,Jacquets,-1.1850000990539034,44.72,0.13,2547898
BAY_OF_BISCAY,REPHY,Jetée d'Eyrac,-1.1700000991912873,44.669999999999995,0.78,2556234
BAY_OF_BISCAY,REPHY,Jetée d'Eyrac,-1.1550000993286713,44.669999999999995,0.92,2556235
BAY_OF_BISCAY,REPHY,Jetée d'Eyrac,-1.1700000991912873,44.66,0.71,2557901
BAY_OF_BISCAY,REPHY,Jetée d'Eyrac,-1.1550000993286713,44.66,0.86,2557902
BAY_OF_BISCAY,REPHY,L'Eperon (terre),-1.2450000985043672,46.269999999999996,0.39,2289509
BAY_OF_BISCAY,REPHY,L'Eperon (terre),-1.2300000986417512,46.269999999999996,0.77,2289510
BAY_OF_BISCAY,REPHY,La Carrelère,-1.2000000989165192,46.22999999999999,0.01,2296180
BAY_OF_BISCAY,REPHY,La Cotinière,-1.335000097680063,45.919999999999995,1.14,2347848
BAY_OF_BISCAY,REPHY,La Cotinière,-1.3200000978174469,45.919999999999995,0.93,2347849
BAY_OF_BISCAY,REPHY,La Cotinière,-1.335000097680063,45.91,0.81,2349515
BAY_OF_BISCAY,REPHY,La Cotinière,-1.3200000978174469,45.91,0.48,2349516
BAY_OF_BISCAY,REPHY,La Palmyre,-1.1700000991912871,45.66,0.13,2391201
BAY_OF_BISCAY,REPHY,La Passe des Esnandais (terre),-1.3200000978174469,46.309999999999995,0.81,2282836
BAY_OF_BISCAY,REPHY,La Passe des Esnandais (terre),-1.3050000979548309,46.309999999999995,1.08,2282837
BAY_OF_BISCAY,REPHY,La Passe des Esnandais (terre),-1.3200000978174469,46.3,0.53,2284503
BAY_OF_BISCAY,REPHY,La Passe des Esnandais (terre),-1.3050000979548309,46.3,0.89,2284504
BAY_OF_BISCAY,REPHY,Large Cap Ferret,-1.3200000978174469,44.64,0.86,2561225
BAY_OF_BISCAY,REPHY,Large Cap Ferret,-1.3200000978174469,44.63,0.26,2562892
BAY_OF_BISCAY,REPHY,Large Porge océan,-1.2900000980922148,44.89,0.61,2519552
BAY_OF_BISCAY,REPHY,Large Porge océan,-1.2900000980922148,44.88,0.52,2521219
BAY_OF_BISCAY,REPHY,Le Chapus (a),-1.1850000990539034,45.86,0.87,2357860
BAY_OF_BISCAY,REPHY,Le Chapus (a),-1.1700000991912873,45.86,1,2357861
BAY_OF_BISCAY,REPHY,Le Chapus (a),-1.1850000990539034,45.85,0.61,2359527
BAY_OF_BISCAY,REPHY,Le Chapus (a),-1.1700000991912873,45.85,0.79,2359528
BAY_OF_BISCAY,REPHY,Le Cornard,-1.1400000994660555,46.059999999999995,0.9,2324523
BAY_OF_BISCAY,REPHY,Le Cornard,-1.1250000996034395,46.059999999999995,0.69,2324524
BAY_OF_BISCAY,REPHY,Le Cornard,-1.1400000994660555,46.05,0.92,2326190
BAY_OF_BISCAY,REPHY,Le Cornard,-1.1250000996034395,46.05,0.72,2326191
BAY_OF_BISCAY,REPHY,Les Fontenelles,-1.1100000997408235,45.98,0.45,2337861
BAY_OF_BISCAY,REPHY,Les Fontenelles,-1.1100000997408235,45.97,0.67,2339528
BAY_OF_BISCAY,REPHY,Les Sables,-1.800000093421157,46.489999999999995,0.52,2252798
BAY_OF_BISCAY,REPHY,Les Sables,-1.785000093558541,46.489999999999995,0.64,2252799
BAY_OF_BISCAY,REPHY,Mérignac,-1.1400000994660555,45.89,0.46,2352862
BAY_OF_BISCAY,REPHY,Mérignac,-1.1250000996034395,45.89,0.73,2352863
BAY_OF_BISCAY,REPHY,Mérignac,-1.1400000994660555,45.88,1.08,2354529
BAY_OF_BISCAY,REPHY,Mérignac,-1.1250000996034395,45.88,1.22,2354530
BAY_OF_BISCAY,REPHY,Nord Saumonards,-1.290000098092215,46.01,1.04,2332848
BAY_OF_BISCAY,REPHY,Nord Saumonards,-1.275000098229599,46.01,0.5,2332849
BAY_OF_BISCAY,REPHY,Nord Saumonards,-1.290000098092215,46,1.15,2334515
BAY_OF_BISCAY,REPHY,Nord Saumonards,-1.275000098229599,46,0.7,2334516
BAY_OF_BISCAY,REPHY,Perquis,-1.1850000990539034,45.8,0.71,2367862
BAY_OF_BISCAY,REPHY,Perquis,-1.1700000991912873,45.8,0.61,2367863
BAY_OF_BISCAY,REPHY,Perquis,-1.1850000990539034,45.79,1.02,2369529
BAY_OF_BISCAY,REPHY,Perquis,-1.1700000991912873,45.79,0.95,2369530
BAY_OF_BISCAY,REPHY,Pont du Brault - S86,-1.0950000998782077,46.32,1.02,2281184
BAY_OF_BISCAY,REPHY,Pont du Brault - S86,-1.0800001000155917,46.32,0.39,2281185
BAY_OF_BISCAY,REPHY,Pont du Brault - S86,-1.0950000998782077,46.31,1.24,2282851
BAY_OF_BISCAY,REPHY,Pont du Brault - S86,-1.0800001000155917,46.31,0.8,2282852
BAY_OF_BISCAY,REPHY,Remblai,-1.785000093558541,46.5,0.97,2251132
BAY_OF_BISCAY,REPHY,Remblai,-1.785000093558541,46.49,0.16,2252799
BAY_OF_BISCAY,REPHY,St Froult,-1.1250000996034395,45.92,0.21,2347862
BAY_OF_BISCAY,REPHY,St Froult,-1.1100000997408235,45.92,0.95,2347863
BAY_OF_BISCAY,REPHY,Teychan bis,-1.1700000991912873,44.68,1.15,2554567
BAY_OF_BISCAY,REPHY,Teychan bis,-1.1550000993286713,44.68,0.77,2554568
BAY_OF_BISCAY,REPHY,Teychan bis,-1.1700000991912873,44.67,0.99,2556234
BAY_OF_BISCAY,REPHY,Teychan bis,-1.1550000993286713,44.67,0.49,2556235
BAY_OF_BISCAY,REPHY,Vert Bois 2,-1.2900000980922148,45.83999999999999,0.07,2361187
BAY_OF_BISCAY,SOMLIT,Antioche,-1.3200000978174469,46.089999999999996,1.11,2319510
BAY_OF_BISCAY,SOMLIT,Antioche,-1.3050000979548309,46.089999999999996,0.69,2319511
BAY_OF_BISCAY,SOMLIT,Antioche,-1.3200000978174469,46.08,1.02,2321177
BAY_OF_BISCAY,SOMLIT,Antioche,-1.3050000979548309,46.08,0.53,2321178
BAY_OF_BISCAY,SOMLIT,Bouee 13,-1.2450000985043672,44.64,0.93,2561230
BAY_OF_BISCAY,SOMLIT,Bouee 13,-1.2300000986417512,44.64,0.95,2561231
BAY_OF_BISCAY,SOMLIT,Bouee 13,-1.2450000985043672,44.63,0.69,2562897
BAY_OF_BISCAY,SOMLIT,Bouee 13,-1.2300000986417512,44.63,0.72,2562898
BAY_OF_BISCAY,SOMLIT,Comprian,-1.1100000997408237,44.68,0.66,2554571
BAY_OF_BISCAY,SOMLIT,Comprian,-1.0950000998782077,44.68,0.59,2554572
BAY_OF_BISCAY,SOMLIT,Comprian,-1.1100000997408237,44.67,1.11,2556238
BAY_OF_BISCAY,SOMLIT,Comprian,-1.0950000998782077,44.67,1.07,2556239
BAY_OF_BISCAY,SOMLIT,Eyrac,-1.1550000993286715,44.669999999999995,1.15,2556235
BAY_OF_BISCAY,SOMLIT,Eyrac,-1.1400000994660555,44.669999999999995,0.7,2556236
BAY_OF_BISCAY,SOMLIT,Eyrac,-1.1550000993286715,44.66,1.04,2557902
BAY_OF_BISCAY,SOMLIT,Eyrac,-1.1400000994660555,44.66,0.52,2557903
BAY_OF_BISCAY,SOMLIT,pk 30,-0.6450001039997292,45.07,0.56,2489589
BAY_OF_BISCAY,SOMLIT,pk 30,-0.6300001041371133,45.07,0.68,2489590
BAY_OF_BISCAY,SOMLIT,pk 30,-0.6450001039997292,45.06,1.06,2491256
BAY_OF_BISCAY,SOMLIT,pk 30,-0.6300001041371133,45.06,1.13,2491257
BAY_OF_BISCAY,SOMLIT,pk 52,-0.7350001031754249,45.25,0.87,2459577
BAY_OF_BISCAY,SOMLIT,pk 52,-0.720000103312809,45.25,0.54,2459578
BAY_OF_BISCAY,SOMLIT,pk 52,-0.7350001031754249,45.24,1.08,2461244
BAY_OF_BISCAY,SOMLIT,pk 52,-0.720000103312809,45.24,0.84,2461245
BAY_OF_BISCAY,SOMLIT,pk 86,-0.960000101114664,45.519999999999996,0.86,2414553
BAY_OF_BISCAY,SOMLIT,pk 86,-0.9450001012520481,45.519999999999996,0.54,2414554
BAY_OF_BISCAY,SOMLIT,pk 86,-0.960000101114664,45.51,1.08,2416220
BAY_OF_BISCAY,SOMLIT,pk 86,-0.9450001012520481,45.51,0.84,2416221
BAY_OF_SEINE,REPHY,Antifer ponton pêche,0.14999988871891587,49.66,0.97,1724489
BAY_OF_SEINE,REPHY,Antifer ponton pêche,0.1649998885815318,49.66,1.36,1724490
BAY_OF_SEINE,REPHY,Antifer ponton pêche,0.14999988871891587,49.65,0.19,1726156
BAY_OF_SEINE,REPHY,Antifer ponton pêche,0.1649998885815318,49.65,0.98,1726157
BAY_OF_SEINE,REPHY,Antifer ponton pétrolier,0.11999988899368397,49.67,0.96,1722820
BAY_OF_SEINE,REPHY,Antifer ponton pétrolier,0.1349998888562999,49.67,0.53,1722821
BAY_OF_SEINE,REPHY,Antifer ponton pétrolier,0.11999988899368397,49.660000000000004,1.06,1724487
BAY_OF_SEINE,REPHY,Antifer ponton pétrolier,0.1349998888562999,49.660000000000004,0.68,1724488
BAY_OF_SEINE,REPHY,Asnelles-Meuvaines,-0.5850001045492654,49.349999999999994,0.98,1776117
BAY_OF_SEINE,REPHY,Asnelles-Meuvaines,-0.5700001046866495,49.349999999999994,0.12,1776118
BAY_OF_SEINE,REPHY,Baie de Seine - Zone 1,-0.8700001019389684,49.519999999999996,0.92,1747759
BAY_OF_SEINE,REPHY,Baie de Seine - Zone 1,-0.8550001020763525,49.519999999999996,0.44,1747760
BAY_OF_SEINE,REPHY,Baie de Seine - Zone 1,-0.8700001019389684,49.51,1.12,1749426
BAY_OF_SEINE,REPHY,Baie de Seine - Zone 1,-0.8550001020763525,49.51,0.78,1749427
BAY_OF_SEINE,REPHY,Baie de Seine - Zone 3,-0.750000103038041,49.5,0.01,1751101
BAY_OF_SEINE,REPHY,Baie de Seine - Zone 4,-0.5100001052361857,49.49,0.75,1752784
BAY_OF_SEINE,REPHY,Baie de Seine - Zone 4,-0.49500010537356975,49.49,1.22,1752785
BAY_OF_SEINE,REPHY,Baie de Seine - Zone 4,-0.5100001052361857,49.480000000000004,0.39,1754451
BAY_OF_SEINE,REPHY,Baie de Seine - Zone 4,-0.49500010537356975,49.480000000000004,1.03,1754452
BAY_OF_SEINE,REPHY,Baie de Seine - Zone 5,-0.2550001075717147,49.45,0.36,1759469
BAY_OF_SEINE,REPHY,Baie de Seine - Zone 5,-0.24000010770909874,49.45,0.72,1759470
BAY_OF_SEINE,REPHY,Barfleur gisement,-1.260000098366983,49.71,0.67,1716060
BAY_OF_SEINE,REPHY,Barfleur gisement,-1.245000098504367,49.71,0.59,1716061
BAY_OF_SEINE,REPHY,Barfleur gisement,-1.260000098366983,49.7,0.98,1717727
BAY_OF_SEINE,REPHY,Barfleur gisement,-1.245000098504367,49.7,0.93,1717728
BAY_OF_SEINE,REPHY,Bernières (a),-0.4200001060604901,49.35,0.66,1776128
BAY_OF_SEINE,REPHY,Bernières (a),-0.40500010619787413,49.35,1.1,1776129
BAY_OF_SEINE,REPHY,Bernières (a),-0.4200001060604901,49.34,0.52,1777795
BAY_OF_SEINE,REPHY,Bernières (a),-0.40500010619787413,49.34,1.03,1777796
BAY_OF_SEINE,REPHY,Blonville,0.014999889955372343,49.34,0.38,1777824
BAY_OF_SEINE,REPHY,Blonville,0.029999889817988287,49.34,0.73,1777825
BAY_OF_SEINE,REPHY,Bouée Carosse,0.014999889955372343,49.49,0.98,1752819
BAY_OF_SEINE,REPHY,Bouée Carosse,0.029999889817988287,49.49,0.72,1752820
BAY_OF_SEINE,REPHY,Bouée Carosse,0.014999889955372343,49.480000000000004,0.88,1754486
BAY_OF_SEINE,REPHY,Bouée Carosse,0.029999889817988287,49.480000000000004,0.58,1754487
BAY_OF_SEINE,REPHY,Bouée de Lion 3 milles,-0.2700001074343306,49.35,0.44,1776138
BAY_OF_SEINE,REPHY,Bouée de Lion 3 milles,-0.25500010757171465,49.35,0.81,1776139
BAY_OF_SEINE,REPHY,Bouée de Lion 3 milles,-0.2700001074343306,49.34,0.89,1777805
BAY_OF_SEINE,REPHY,Bouée de Lion 3 milles,-0.25500010757171465,49.34,1.12,1777806
BAY_OF_SEINE,REPHY,Bouée de Luc 2 milles,-0.31500010702217845,49.35,0.65,1776135
BAY_OF_SEINE,REPHY,Bouée de Luc 2 milles,-0.3000001071595625,49.35,0.71,1776136
BAY_OF_SEINE,REPHY,Bouée de Luc 2 milles,-0.31500010702217845,49.34,0.87,1777802
BAY_OF_SEINE,REPHY,Bouée de Luc 2 milles,-0.3000001071595625,49.34,0.92,1777803
BAY_OF_SEINE,REPHY,Bouée des Essarts 3 milles,-0.3600001066100263,49.379999999999995,0.29,1771131
BAY_OF_SEINE,REPHY,Bouée des Essarts 3 milles,-0.34500010674741033,49.379999999999995,0.98,1771132
BAY_OF_SEINE,REPHY,Bouée des Essarts 3 milles,-0.3600001066100263,49.37,0.87,1772798
BAY_OF_SEINE,REPHY,Bouée des Essarts 3 milles,-0.34500010674741033,49.37,1.28,1772799
BAY_OF_SEINE,REPHY,Cabourg,-0.12000010880817118,49.3,0.28,1784483
BAY_OF_SEINE,REPHY,Cabourg,-0.10500010894555523,49.3,0.89,1784484
BAY_OF_SEINE,REPHY,Cabourg,-0.12000010880817118,49.29,0.96,1786150
BAY_OF_SEINE,REPHY,Cabourg,-0.10500010894555523,49.29,1.28,1786151
BAY_OF_SEINE,REPHY,Cap Lévi,-1.4700000964436064,49.71,1.17,1716046
BAY_OF_SEINE,REPHY,Cap Lévi,-1.4550000965809904,49.71,0.63,1716047
BAY_OF_SEINE,REPHY,Cap Lévi,-1.4700000964436064,49.7,1.11,1717713
BAY_OF_SEINE,REPHY,Cap Lévi,-1.4550000965809904,49.7,0.5,1717714
BAY_OF_SEINE,REPHY,Courseulles,-0.46500010564833794,49.36,0.77,1774458
BAY_OF_SEINE,REPHY,Courseulles,-0.45000010578572197,49.36,1.13,1774459
BAY_OF_SEINE,REPHY,Courseulles,-0.46500010564833794,49.35,0.44,1776125
BAY_OF_SEINE,REPHY,Courseulles,-0.45000010578572197,49.35,0.94,1776126
BAY_OF_SEINE,REPHY,Deauville,0.04499988968060423,49.37,1.34,1772825
BAY_OF_SEINE,REPHY,Deauville,0.05999988954322018,49.37,0.91,1772826
BAY_OF_SEINE,REPHY,Deauville,0.04499988968060423,49.36,1.01,1774492
BAY_OF_SEINE,REPHY,Deauville,0.05999988954322018,49.36,0.23,1774493
BAY_OF_SEINE,REPHY,Estuaire de l'Orne,-0.24000010770909871,49.28,0.87,1787809
BAY_OF_SEINE,REPHY,Estuaire de l'Orne,-0.22500010784648278,49.28,0.23,1787810
BAY_OF_SEINE,REPHY,Fécamp 1 mille,0.3299998870703072,49.78,1.19,1704497
BAY_OF_SEINE,REPHY,Fécamp 1 mille,0.34499988693292316,49.78,0.8,1704498
BAY_OF_SEINE,REPHY,Fécamp 1 mille,0.3299998870703072,49.77,0.96,1706164
BAY_OF_SEINE,REPHY,Fécamp 1 mille,0.34499988693292316,49.77,0.38,1706165
BAY_OF_SEINE,REPHY,Fécamp digue,0.35999988679553907,49.769999999999996,0.54,1706166
BAY_OF_SEINE,REPHY,Fécamp digue,0.37499988665815503,49.769999999999996,0.96,1706167
BAY_OF_SEINE,REPHY,Fécamp digue,0.35999988679553907,49.76,0.68,1707833
BAY_OF_SEINE,REPHY,Fécamp digue,0.37499988665815503,49.76,1.04,1707834
BAY_OF_SEINE,REPHY,Franceville parking,-0.21000010798386684,49.3,1.1,1784477
BAY_OF_SEINE,REPHY,Franceville parking,-0.1950001081212509,49.3,0.96,1784478
BAY_OF_SEINE,REPHY,Franceville parking,-0.21000010798386684,49.29,0.72,1786144
BAY_OF_SEINE,REPHY,Franceville parking,-0.1950001081212509,49.29,0.48,1786145
BAY_OF_SEINE,REPHY,Gatteville phare,-1.275000098229599,49.699999999999996,1.08,1717726
BAY_OF_SEINE,REPHY,Gatteville phare,-1.260000098366983,49.699999999999996,0.57,1717727
BAY_OF_SEINE,REPHY,Gatteville phare,-1.275000098229599,49.69,1.09,1719393
BAY_OF_SEINE,REPHY,Gatteville phare,-1.260000098366983,49.69,0.58,1719394
BAY_OF_SEINE,REPHY,Géfosse,-1.1100000997408237,49.39,0.19,1769414
BAY_OF_SEINE,REPHY,Géfosse,-1.0950000998782077,49.39,0.9,1769415
BAY_OF_SEINE,REPHY,Gougins,-1.2450000985043672,49.49,0.56,1752735
BAY_OF_SEINE,REPHY,Gougins,-1.2300000986417512,49.49,1.08,1752736
BAY_OF_SEINE,REPHY,Gougins,-1.2450000985043672,49.480000000000004,0.59,1754402
BAY_OF_SEINE,REPHY,Gougins,-1.2300000986417512,49.480000000000004,1.1,1754403
BAY_OF_SEINE,REPHY,Grandcamp prise eau base,-1.0950000998782077,49.39,0.77,1769415
BAY_OF_SEINE,REPHY,Grandcamp prise eau base,-1.0800001000155917,49.39,1.12,1769416
BAY_OF_SEINE,REPHY,Grandcamp prise eau base,-1.0950000998782077,49.38,0.45,1771082
BAY_OF_SEINE,REPHY,Grandcamp prise eau base,-1.0800001000155917,49.38,0.93,1771083
BAY_OF_SEINE,REPHY,Grande Rade,-0.015000109769859549,49.53,1.01,1746149
BAY_OF_SEINE,REPHY,Grande Rade,-1.0990724360129822e-7,49.53,1.27,1746150
BAY_OF_SEINE,REPHY,Grande Rade,-0.015000109769859549,49.52,0.3,1747816
BAY_OF_SEINE,REPHY,Grande Rade,-1.0990724360129822e-7,49.52,0.83,1747817
BAY_OF_SEINE,REPHY,Graye sur mer,-0.4950001053735698,49.35,0.69,1776123
BAY_OF_SEINE,REPHY,Graye sur mer,-0.48000010551095385,49.35,0.46,1776124
BAY_OF_SEINE,REPHY,Graye sur mer,-0.4950001053735698,49.34,1.15,1777790
BAY_OF_SEINE,REPHY,Graye sur mer,-0.48000010551095385,49.34,1.03,1777791
BAY_OF_SEINE,REPHY,Hermanville (a),-0.31500010702217845,49.3,0.89,1784470
BAY_OF_SEINE,REPHY,Hermanville (a),-0.3000001071595625,49.3,0.22,1784471
BAY_OF_SEINE,REPHY,Hors Baie de Seine - Zone 8,-0.19500010812125088,49.62,0.76,1731134
BAY_OF_SEINE,REPHY,Hors Baie de Seine - Zone 8,-0.18000010825863494,49.62,0.56,1731135
BAY_OF_SEINE,REPHY,Hors Baie de Seine - Zone 8,-0.19500010812125088,49.61,0.99,1732801
BAY_OF_SEINE,REPHY,Hors Baie de Seine - Zone 8,-0.18000010825863494,49.61,0.85,1732802
BAY_OF_SEINE,REPHY,Hors Baie de Seine - Zone 9,0.04499988968060423,49.66,0.48,1724482
BAY_OF_SEINE,REPHY,Hors Baie de Seine - Zone 9,0.05999988954322018,49.66,0.6,1724483
BAY_OF_SEINE,REPHY,La Hougue,-1.290000098092215,49.58,0.78,1737729
BAY_OF_SEINE,REPHY,La Hougue,-1.275000098229599,49.58,0.54,1737730
BAY_OF_SEINE,REPHY,La Hougue,-1.290000098092215,49.57,1.01,1739396
BAY_OF_SEINE,REPHY,La Hougue,-1.275000098229599,49.57,0.84,1739397
BAY_OF_SEINE,REPHY,Luc 1 mille,-0.3300001068847944,49.33,0.46,1779468
BAY_OF_SEINE,REPHY,Luc 1 mille,-0.3300001068847944,49.32,0.66,1781135
BAY_OF_SEINE,REPHY,Luc sur mer,-0.3600001066100263,49.33,1.31,1779466
BAY_OF_SEINE,REPHY,Luc sur mer,-0.34500010674741033,49.33,0.89,1779467
BAY_OF_SEINE,REPHY,Luc sur mer,-0.3600001066100263,49.32,0.99,1781133
BAY_OF_SEINE,REPHY,Luc sur mer,-0.34500010674741033,49.32,0.26,1781134
BAY_OF_SEINE,REPHY,Morsalines,-1.3050000979548309,49.57,1,1739395
BAY_OF_SEINE,REPHY,Morsalines,-1.2900000980922148,49.57,0.25,1739396
BAY_OF_SEINE,REPHY,Morsalines,-1.3050000979548309,49.56,1.32,1741062
BAY_OF_SEINE,REPHY,Morsalines,-1.2900000980922148,49.56,0.9,1741063
BAY_OF_SEINE,REPHY,Moulard,-1.2450000985043672,49.66,0.79,1724396
BAY_OF_SEINE,REPHY,Moulard,-1.2300000986417512,49.66,0.86,1724397
BAY_OF_SEINE,REPHY,Moulard,-1.2450000985043672,49.65,0.69,1726063
BAY_OF_SEINE,REPHY,Moulard,-1.2300000986417512,49.65,0.77,1726064
BAY_OF_SEINE,REPHY,Nord Ouest Levi,-1.5000000961688382,49.709999999999994,0.93,1716044
BAY_OF_SEINE,REPHY,Nord Ouest Levi,-1.4850000963062222,49.709999999999994,0.18,1716045
BAY_OF_SEINE,REPHY,Ouistreham 1 mille,-0.2550001075717147,49.31,0.89,1782807
BAY_OF_SEINE,REPHY,Ouistreham 1 mille,-0.24000010770909874,49.31,0.23,1782808
BAY_OF_SEINE,REPHY,Ouistreham 2 milles,-0.2550001075717147,49.33,0.88,1779473
BAY_OF_SEINE,REPHY,Ouistreham 2 milles,-0.24000010770909874,49.33,0.41,1779474
BAY_OF_SEINE,REPHY,Ouistreham 2 milles,-0.2550001075717147,49.32,1.15,1781140
BAY_OF_SEINE,REPHY,Ouistreham 2 milles,-0.24000010770909874,49.32,0.85,1781141
BAY_OF_SEINE,REPHY,Ouistreham 3 milles,-0.2550001075717147,49.35,1.06,1776139
BAY_OF_SEINE,REPHY,Ouistreham 3 milles,-0.24000010770909874,49.35,0.8,1776140
BAY_OF_SEINE,REPHY,Ouistreham 3 milles,-0.2550001075717147,49.34,0.85,1777806
BAY_OF_SEINE,REPHY,Ouistreham 3 milles,-0.24000010770909874,49.34,0.5,1777807
BAY_OF_SEINE,REPHY,Ouistreham 4 milles,-0.2550001075717147,49.36,0.69,1774472
BAY_OF_SEINE,REPHY,Ouistreham 4 milles,-0.24000010770909874,49.36,0.4,1774473
BAY_OF_SEINE,REPHY,Ouistreham 6 milles,-0.2550001075717147,49.4,0.9,1767804
BAY_OF_SEINE,REPHY,Ouistreham 6 milles,-0.24000010770909874,49.4,0.87,1767805
BAY_OF_SEINE,REPHY,Ouistreham 6 milles,-0.2550001075717147,49.39,0.7,1769471
BAY_OF_SEINE,REPHY,Ouistreham 6 milles,-0.24000010770909874,49.39,0.67,1769472
BAY_OF_SEINE,REPHY,Ouistreham enrochement ouest,-0.2550001075717147,49.3,0.8,1784474
BAY_OF_SEINE,REPHY,Ouistreham enrochement ouest,-0.24000010770909874,49.3,0.8,1784475
BAY_OF_SEINE,REPHY,Ouistreham enrochement ouest,-0.2550001075717147,49.29,0.76,1786141
BAY_OF_SEINE,REPHY,Ouistreham enrochement ouest,-0.24000010770909874,49.29,0.76,1786142
BAY_OF_SEINE,REPHY,Pointe de la Percée,-0.9300001013894322,49.39,0.75,1769426
BAY_OF_SEINE,REPHY,Pointe de la Percée,-0.9150001015268163,49.39,0.35,1769427
BAY_OF_SEINE,REPHY,Port en Bessin,-0.7650001029006568,49.36,1.27,1774438
BAY_OF_SEINE,REPHY,Port en Bessin,-0.7500001030380409,49.36,0.97,1774439
BAY_OF_SEINE,REPHY,Port en Bessin,-0.7650001029006568,49.35,0.87,1776105
BAY_OF_SEINE,REPHY,Port en Bessin,-0.7500001030380409,49.35,0.29,1776106
BAY_OF_SEINE,REPHY,Port en Bessin 1 mille,-0.7800001027632727,49.36,0.84,1774437
BAY_OF_SEINE,REPHY,Port en Bessin 1 mille,-0.7650001029006568,49.36,0.28,1774438
BAY_OF_SEINE,REPHY,Port en Bessin 1 mille,-0.7800001027632727,49.35,1.29,1776104
BAY_OF_SEINE,REPHY,Port en Bessin 1 mille,-0.7650001029006568,49.35,1.02,1776105
BAY_OF_SEINE,REPHY,Ravenoville (a),-1.2150000987791352,49.46,1,1757738
BAY_OF_SEINE,REPHY,Ravenoville (a),-1.2000000989165192,49.46,1.16,1757739
BAY_OF_SEINE,REPHY,Ravenoville (a),-1.2150000987791352,49.45,0.43,1759405
BAY_OF_SEINE,REPHY,Ravenoville (a),-1.2000000989165192,49.45,0.73,1759406
BAY_OF_SEINE,REPHY,Reville (a),-1.2150000987791352,49.61,0.28,1732733
BAY_OF_SEINE,REPHY,Reville (a),-1.2000000989165192,49.61,0.82,1732734
BAY_OF_SEINE,REPHY,Reville 1 mille,-1.2300000986417512,49.62,1.22,1731065
BAY_OF_SEINE,REPHY,Reville 1 mille,-1.2150000987791352,49.62,0.8,1731066
BAY_OF_SEINE,REPHY,Reville 1 mille,-1.2300000986417512,49.61,0.99,1732732
BAY_OF_SEINE,REPHY,Reville 1 mille,-1.2150000987791352,49.61,0.35,1732733
BAY_OF_SEINE,REPHY,Roches de Grandcamp,-1.0500001002903598,49.4,0.63,1767751
BAY_OF_SEINE,REPHY,Roches de Grandcamp,-1.0350001004277438,49.4,1.16,1767752
BAY_OF_SEINE,REPHY,Roches de Grandcamp,-1.0500001002903598,49.39,0.5,1769418
BAY_OF_SEINE,REPHY,Roches de Grandcamp,-1.0350001004277438,49.39,1.1,1769419
BAY_OF_SEINE,REPHY,Seine 1,0.014999889955372343,49.48,1.09,1754486
BAY_OF_SEINE,REPHY,Seine 1,0.029999889817988287,49.48,0.69,1754487
BAY_OF_SEINE,REPHY,Seine 1,0.014999889955372343,49.47,0.99,1756153
BAY_OF_SEINE,REPHY,Seine 1,0.029999889817988287,49.47,0.5,1756154
BAY_OF_SEINE,REPHY,St Aubin,-0.3900001063352582,49.34,0.2,1777797
BAY_OF_SEINE,REPHY,St Aubin,-0.37500010647264226,49.34,0.92,1777798
BAY_OF_SEINE,REPHY,St Aubin les Essarts,-0.39000010633525817,49.37,0.65,1772796
BAY_OF_SEINE,REPHY,St Aubin les Essarts,-0.39000010633525817,49.36,0.48,1774463
BAY_OF_SEINE,REPHY,St Germain de Varreville,-1.2150000987791352,49.46,1,1757738
BAY_OF_SEINE,REPHY,St Germain de Varreville,-1.2000000989165192,49.46,1.16,1757739
BAY_OF_SEINE,REPHY,St Germain de Varreville,-1.2150000987791352,49.45,0.43,1759405
BAY_OF_SEINE,REPHY,St Germain de Varreville,-1.2000000989165192,49.45,0.73,1759406
BAY_OF_SEINE,REPHY,St Vaast la Hougue,-1.290000098092215,49.56999999999999,0.29,1739396
BAY_OF_SEINE,REPHY,St Vaast la Hougue,-1.275000098229599,49.56999999999999,0.8,1739397
BAY_OF_SEINE,REPHY,St Vaast Sud,-1.290000098092215,49.56,0.16,1741063
BAY_OF_SEINE,REPHY,St Vaast Sud,-1.275000098229599,49.56,0.94,1741064
BAY_OF_SEINE,REPHY,Ste Marie du Mont nord,-1.1550000993286713,49.41,0.45,1766077
BAY_OF_SEINE,REPHY,Ste Marie du Mont nord,-1.1550000993286713,49.4,0.67,1767744
BAY_OF_SEINE,REPHY,Utah,-1.1850000990539034,49.43,1.28,1762741
BAY_OF_SEINE,REPHY,Utah,-1.1700000991912873,49.43,0.95,1762742
BAY_OF_SEINE,REPHY,Utah,-1.1850000990539034,49.42,0.9,1764408
BAY_OF_SEINE,REPHY,Utah,-1.1700000991912873,49.42,0.28,1764409
BAY_OF_SEINE,REPHY,Villerville (a),0.11999988899368395,49.41,0.27,1766162
BAY_OF_SEINE,REPHY,Villerville (a),0.11999988899368395,49.4,0.84,1767829
BAY_OF_SEINE,SOMLIT,Luc-sur-Mer,-0.3600001066100263,49.32,0.98,1781133
BAY_OF_SEINE,SOMLIT,Luc-sur-Mer,-0.34500010674741033,49.32,0.18,1781134
BAY_OF_SEINE,SOMLIT,Luc-sur-Mer,-0.3600001066100263,49.31,1.38,1782800
BAY_OF_SEINE,SOMLIT,Luc-sur-Mer,-0.34500010674741033,49.31,0.99,1782801
BAY_OF_SEINE,SOMLIT,Smile,-0.3450001067474104,49.339999999999996,0.93,1777800
BAY_OF_SEINE,SOMLIT,Smile,-0.3300001068847944,49.339999999999996,0.4,1777801
BAY_OF_SEINE,SOMLIT,Smile,-0.3450001067474104,49.33,1.17,1779467
BAY_OF_SEINE,SOMLIT,Smile,-0.3300001068847944,49.33,0.81,1779468
GULF_OF_LION,REPHY,18A - Carry,5.159999842832642,43.33,0.89,2780034
GULF_OF_LION,REPHY,18A - Carry,5.159999842832642,43.32,0.23,2781701
GULF_OF_LION,REPHY,21E - ile embiez,5.729999837612048,43.08,0.68,2821747
GULF_OF_LION,REPHY,21E - ile embiez,5.744999837474664,43.08,0.63,2821748
GULF_OF_LION,REPHY,21E - ile embiez,5.729999837612048,43.07,1.08,2823414
GULF_OF_LION,REPHY,21E - ile embiez,5.744999837474664,43.07,1.05,2823415
GULF_OF_LION,REPHY,22B - Toulon gde rade,5.954999835551288,43.08,0.11,2821762
GULF_OF_LION,REPHY,22B - Toulon gde rade,5.954999835551288,43.07,1,2823429
GULF_OF_LION,REPHY,Agde,3.5099998579448877,43.26,0.89,2791593
GULF_OF_LION,REPHY,Agde,3.5249998578075035,43.26,0.35,2791594
GULF_OF_LION,REPHY,Agde,3.5099998579448877,43.25,1.33,2793260
GULF_OF_LION,REPHY,Agde,3.5249998578075035,43.25,1.05,2793261
GULF_OF_LION,REPHY,Aigues-Mortes,4.0649998528616775,43.53999999999999,0.71,2744954
GULF_OF_LION,REPHY,Aigues-Mortes,4.079999852724294,43.53999999999999,0.5,2744955
GULF_OF_LION,REPHY,Anse de Carteau 2,4.874999845442939,43.379999999999995,0.83,2771680
GULF_OF_LION,REPHY,Anse de Carteau 2,4.889999845305555,43.379999999999995,0.58,2771681
GULF_OF_LION,REPHY,Anse de Carteau 2,4.874999845442939,43.37,1.07,2773347
GULF_OF_LION,REPHY,Anse de Carteau 2,4.889999845305555,43.37,0.88,2773348
GULF_OF_LION,REPHY,Anse Méjean,5.969999835413903,43.11,0.37,2816762
GULF_OF_LION,REPHY,Anse Méjean,5.969999835413903,43.1,0.84,2818429
GULF_OF_LION,REPHY,Antoine,4.844999845717707,43.379999999999995,0.21,2771678
GULF_OF_LION,REPHY,Antoine,4.844999845717707,43.37,0.91,2773345
GULF_OF_LION,REPHY,Bain des Dames,5.354999841046649,43.239999999999995,0.58,2795050
GULF_OF_LION,REPHY,Bain des Dames,5.369999840909265,43.239999999999995,0.64,2795051
GULF_OF_LION,REPHY,Berre sud,5.099999843382178,43.419999999999995,0.54,2765027
GULF_OF_LION,REPHY,Berre sud,5.114999843244794,43.419999999999995,0.72,2765028
GULF_OF_LION,REPHY,Berre sud,5.099999843382178,43.41,1.08,2766694
GULF_OF_LION,REPHY,Berre sud,5.114999843244794,43.41,1.18,2766695
GULF_OF_LION,REPHY,Bouzigues (a),3.6599998565710474,43.44,0.48,2761597
GULF_OF_LION,REPHY,Bouzigues (a),3.6749998564336632,43.44,0.93,2761598
GULF_OF_LION,REPHY,Bouzigues (a),3.6599998565710474,43.43,0.85,2763264
GULF_OF_LION,REPHY,Bouzigues (a),3.6749998564336632,43.43,1.16,2763265
GULF_OF_LION,REPHY,Bouzigues (c),3.644999856708431,43.44,0.57,2761596
GULF_OF_LION,REPHY,Bouzigues (c),3.659999856571047,43.44,0.94,2761597
GULF_OF_LION,REPHY,Bouzigues (c),3.644999856708431,43.43,0.78,2763263
GULF_OF_LION,REPHY,Bouzigues (c),3.659999856571047,43.43,1.08,2763264
GULF_OF_LION,REPHY,Bregaillon,5.879999836238206,43.11,0.7,2816756
GULF_OF_LION,REPHY,Bregaillon,5.894999836100823,43.11,0.95,2816757
GULF_OF_LION,REPHY,Bregaillon,5.879999836238206,43.1,0.72,2818423
GULF_OF_LION,REPHY,Bregaillon,5.894999836100823,43.1,0.97,2818424
GULF_OF_LION,REPHY,Cap Canaille,5.549999839260656,43.19,0.38,2803398
GULF_OF_LION,REPHY,Cap Canaille,5.5649998391232725,43.19,1.03,2803399
GULF_OF_LION,REPHY,Cap Canaille,5.549999839260656,43.18,0.85,2805065
GULF_OF_LION,REPHY,Cap Canaille,5.5649998391232725,43.18,1.28,2805066
GULF_OF_LION,REPHY,Carteau 1,4.8749998454429395,43.39,0.19,2770013
GULF_OF_LION,REPHY,Carteau 1,4.8749998454429395,43.38,0.93,2771680
GULF_OF_LION,REPHY,Carteau 14,4.874999845442939,43.39,0.87,2770013
GULF_OF_LION,REPHY,Carteau 14,4.889999845305555,43.39,1.18,2770014
GULF_OF_LION,REPHY,Carteau 14,4.874999845442939,43.38,0.46,2771680
GULF_OF_LION,REPHY,Carteau 14,4.889999845305555,43.38,0.93,2771681
GULF_OF_LION,REPHY,Carteau 64,4.889999845305554,43.379999999999995,0.92,2771681
GULF_OF_LION,REPHY,Carteau 64,4.90499984516817,43.379999999999995,0.34,2771682
GULF_OF_LION,REPHY,Carteau 64,4.889999845305554,43.37,1.32,2773348
GULF_OF_LION,REPHY,Carteau 64,4.90499984516817,43.37,1.01,2773349
GULF_OF_LION,REPHY,Chamas,5.069999843656945,43.529999999999994,0.61,2746688
GULF_OF_LION,REPHY,Chamas,5.084999843519562,43.529999999999994,1.08,2746689
GULF_OF_LION,REPHY,Chamas,5.069999843656945,43.519999999999996,0.64,2748355
GULF_OF_LION,REPHY,Chamas,5.084999843519562,43.519999999999996,1.1,2748356
GULF_OF_LION,REPHY,Comète,4.229999851350453,43.47,0.89,2756634
GULF_OF_LION,REPHY,Comète,4.244999851213069,43.47,0.61,2756635
GULF_OF_LION,REPHY,Comète,4.229999851350453,43.46,1.04,2758301
GULF_OF_LION,REPHY,Comète,4.244999851213069,43.46,0.81,2758302
GULF_OF_LION,REPHY,Cortiou,5.369999840909265,43.199999999999996,0.97,2801719
GULF_OF_LION,REPHY,Cortiou,5.384999840771881,43.199999999999996,0.52,2801720
GULF_OF_LION,REPHY,Cortiou,5.369999840909265,43.19,1.13,2803386
GULF_OF_LION,REPHY,Cortiou,5.384999840771881,43.19,0.79,2803387
GULF_OF_LION,REPHY,Courbe,4.694999847091548,43.349999999999994,0.16,2776669
GULF_OF_LION,REPHY,Courbe,4.694999847091548,43.339999999999996,0.96,2778336
GULF_OF_LION,REPHY,Couronne,5.054999843794331,43.33,0.71,2780027
GULF_OF_LION,REPHY,Couronne,5.054999843794331,43.32,0.45,2781694
GULF_OF_LION,REPHY,Creusot,3.704999856158895,43.42,0.22,2764934
GULF_OF_LION,REPHY,Endoume,5.279999841733569,43.25,1.32,2793378
GULF_OF_LION,REPHY,Endoume,5.294999841596185,43.25,0.97,2793379
GULF_OF_LION,REPHY,Endoume,5.279999841733569,43.24,0.96,2795045
GULF_OF_LION,REPHY,Endoume,5.294999841596185,43.24,0.33,2795046
GULF_OF_LION,REPHY,Endoume plage,5.339999841184032,43.28,0.79,2788381
GULF_OF_LION,REPHY,Endoume plage,5.354999841046649,43.28,0.42,2788382
GULF_OF_LION,REPHY,Espiguette,4.109999852449525,43.5,0.5,2751625
GULF_OF_LION,REPHY,Espiguette,4.124999852312142,43.5,0.77,2751626
GULF_OF_LION,REPHY,Espiguette,4.109999852449525,43.49,1.04,2753292
GULF_OF_LION,REPHY,Espiguette,4.124999852312142,43.49,1.19,2753293
GULF_OF_LION,REPHY,Etang de Vic - Passe,3.8099998551972067,43.47,0.91,2756606
GULF_OF_LION,REPHY,Etang de Vic - Passe,3.8249998550598225,43.47,0.37,2756607
GULF_OF_LION,REPHY,Etang de Vic - Passe,3.8099998551972067,43.46,1.29,2758273
GULF_OF_LION,REPHY,Etang de Vic - Passe,3.8249998550598225,43.46,0.98,2758274
GULF_OF_LION,REPHY,Etang de Vic - Puech Long,3.839999854922439,43.51,0.56,2749940
GULF_OF_LION,REPHY,Etang de Vic - Puech Long,3.8549998547850546,43.51,1.05,2749941
GULF_OF_LION,REPHY,Etang de Vic - Puech Long,3.839999854922439,43.5,0.69,2751607
GULF_OF_LION,REPHY,Etang de Vic - Puech Long,3.8549998547850546,43.5,1.12,2751608
GULF_OF_LION,REPHY,Etang du Ponant - VVF,4.094999852586909,43.56,0.55,2741622
GULF_OF_LION,REPHY,Etang du Ponant - VVF,4.109999852449525,43.56,0.68,2741623
GULF_OF_LION,REPHY,Etang du Prévost,3.8999998543729024,43.529999999999994,1.26,2746610
GULF_OF_LION,REPHY,Etang du Prévost,3.914999854235518,43.529999999999994,1.08,2746611
GULF_OF_LION,REPHY,Etang du Prévost,3.8999998543729024,43.519999999999996,0.79,2748277
GULF_OF_LION,REPHY,Etang du Prévost,3.914999854235518,43.519999999999996,0.45,2748278
GULF_OF_LION,REPHY,Filières des Aresquiers,3.8549998547850546,43.449999999999996,0.76,2759943
GULF_OF_LION,REPHY,Filières des Aresquiers,3.8549998547850546,43.44,0.36,2761610
GULF_OF_LION,REPHY,Fos,4.949999844756018,43.349999999999994,0.09,2776686
GULF_OF_LION,REPHY,Grand Rhône,4.799999846129858,43.39,0.51,2770008
GULF_OF_LION,REPHY,Grand Rhône,4.8149998459924745,43.39,1.1,2770009
GULF_OF_LION,REPHY,Grand Rhône,4.799999846129858,43.38,0.68,2771675
GULF_OF_LION,REPHY,Grand Rhône,4.8149998459924745,43.38,1.19,2771676
GULF_OF_LION,REPHY,Ingril sud,3.764999855609359,43.44,0.84,2761604
GULF_OF_LION,REPHY,Ingril sud,3.7799998554719747,43.44,0.66,2761605
GULF_OF_LION,REPHY,Ingril sud,3.764999855609359,43.43,0.99,2763271
GULF_OF_LION,REPHY,Ingril sud,3.7799998554719747,43.43,0.84,2763272
GULF_OF_LION,REPHY,Jai,5.159999842832641,43.419999999999995,0.83,2765031
GULF_OF_LION,REPHY,Jai,5.174999842695257,43.419999999999995,1.22,2765032
GULF_OF_LION,REPHY,Jai,5.159999842832641,43.41,0.43,2766698
GULF_OF_LION,REPHY,Jai,5.174999842695257,43.41,1,2766699
GULF_OF_LION,REPHY,Lazaret (a),5.894999836100823,43.089999999999996,0.98,2820091
GULF_OF_LION,REPHY,Lazaret (a),5.909999835963439,43.089999999999996,0.42,2820092
GULF_OF_LION,REPHY,Lazaret (a),5.894999836100823,43.08,1.24,2821758
GULF_OF_LION,REPHY,Lazaret (a),5.909999835963439,43.08,0.87,2821759
GULF_OF_LION,REPHY,Le Bouquet,5.114999843244793,43.489999999999995,0.62,2753359
GULF_OF_LION,REPHY,Le Bouquet,5.129999843107409,43.489999999999995,0.6,2753360
GULF_OF_LION,REPHY,Le Grand Travers Ouest,4.034999853136446,43.559999999999995,0.46,2741618
GULF_OF_LION,REPHY,Le Grand Travers Ouest,4.034999853136446,43.55,0.68,2743285
GULF_OF_LION,REPHY,Le Grau du Roi,4.094999852586909,43.529999999999994,0.23,2746623
GULF_OF_LION,REPHY,Le Grau du Roi,4.094999852586909,43.519999999999996,0.93,2748290
GULF_OF_LION,REPHY,Le Jaï,5.144999842970026,43.41,0.79,2766697
GULF_OF_LION,REPHY,Le Jaï,5.159999842832642,43.41,0.5,2766698
GULF_OF_LION,REPHY,Le Jaï,5.144999842970026,43.4,1.18,2768364
GULF_OF_LION,REPHY,Le Jaï,5.159999842832642,43.4,1.01,2768365
GULF_OF_LION,REPHY,Listel,3.5999998571205833,43.39,0.91,2769928
GULF_OF_LION,REPHY,Listel,3.614999856983199,43.39,0.35,2769929
GULF_OF_LION,REPHY,Listel,3.5999998571205833,43.38,1.32,2771595
GULF_OF_LION,REPHY,Listel,3.614999856983199,43.38,1.02,2771596
GULF_OF_LION,REPHY,Marseillan (a),3.554999857532735,43.37,0.56,2773259
GULF_OF_LION,REPHY,Marseillan (a),3.554999857532735,43.36,0.57,2774926
GULF_OF_LION,REPHY,Marseillan large,3.554999857532735,43.36,0.39,2774926
GULF_OF_LION,REPHY,Marseillan large,3.554999857532735,43.35,0.75,2776593
GULF_OF_LION,REPHY,Marseillan plage-est,3.5549998575327355,43.33,1.07,2779927
GULF_OF_LION,REPHY,Marseillan plage-est,3.5699998573953513,43.33,1.14,2779928
GULF_OF_LION,REPHY,Marseillan plage-est,3.5549998575327355,43.32,0.58,2781594
GULF_OF_LION,REPHY,Marseillan plage-est,3.5699998573953513,43.32,0.7,2781595
GULF_OF_LION,REPHY,Massane,5.009999844206482,43.47,0.9,2756686
GULF_OF_LION,REPHY,Massane,5.024999844069098,43.47,0.36,2756687
GULF_OF_LION,REPHY,Massane,5.009999844206482,43.46,1.31,2758353
GULF_OF_LION,REPHY,Massane,5.024999844069098,43.46,1.02,2758354
GULF_OF_LION,REPHY,Mèze lagunage,3.5849998572579675,43.419999999999995,0.88,2764926
GULF_OF_LION,REPHY,Mèze lagunage,3.5999998571205833,43.419999999999995,0.75,2764927
GULF_OF_LION,REPHY,Mèze lagunage,3.5849998572579675,43.41,0.9,2766593
GULF_OF_LION,REPHY,Mèze lagunage,3.5999998571205833,43.41,0.77,2766594
GULF_OF_LION,REPHY,Mèze zone a,3.6149998569831996,43.43,0.99,2763261
GULF_OF_LION,REPHY,Mèze zone a,3.6299998568458154,43.43,0.64,2763262
GULF_OF_LION,REPHY,Mèze zone a,3.6149998569831996,43.42,1.03,2764928
GULF_OF_LION,REPHY,Mèze zone a,3.6299998568458154,43.42,0.7,2764929
GULF_OF_LION,REPHY,Mèze zone b,3.5849998572579675,43.4,0.4,2768260
GULF_OF_LION,REPHY,Mèze zone b,3.5849998572579675,43.39,0.72,2769927
GULF_OF_LION,REPHY,Montpenèdre (b),3.5699998573953513,43.39,0.79,2769926
GULF_OF_LION,REPHY,Montpenèdre (b),3.5699998573953513,43.38,0.35,2771593
GULF_OF_LION,REPHY,Morgiret - Frioul,5.2949998415961845,43.29,1.13,2786711
GULF_OF_LION,REPHY,Morgiret - Frioul,5.309999841458801,43.29,0.9,2786712
GULF_OF_LION,REPHY,Morgiret - Frioul,5.2949998415961845,43.28,0.86,2788378
GULF_OF_LION,REPHY,Morgiret - Frioul,5.309999841458801,43.28,0.52,2788379
GULF_OF_LION,REPHY,Mourillon (a),5.924999835826054,43.12,0.87,2815092
GULF_OF_LION,REPHY,Mourillon (a),5.9399998356886705,43.12,0.86,2815093
GULF_OF_LION,REPHY,Mourillon (a),5.924999835826054,43.11,0.79,2816759
GULF_OF_LION,REPHY,Mourillon (a),5.9399998356886705,43.11,0.78,2816760
GULF_OF_LION,REPHY,Mourre-Blanc large,3.5849998572579675,43.41,1.21,2766593
GULF_OF_LION,REPHY,Mourre-Blanc large,3.5999998571205833,43.41,0.77,2766594
GULF_OF_LION,REPHY,Mourre-Blanc large,3.5849998572579675,43.4,1.05,2768260
GULF_OF_LION,REPHY,Mourre-Blanc large,3.5999998571205833,43.4,0.45,2768261
GULF_OF_LION,REPHY,Oursinières,5.9999998351391355,43.099999999999994,0,2818431
GULF_OF_LION,REPHY,Ponant embouchure,4.094999852586909,43.559999999999995,0.57,2741622
GULF_OF_LION,REPHY,Ponant embouchure,4.109999852449525,43.559999999999995,0.82,2741623
GULF_OF_LION,REPHY,Ponant embouchure,4.094999852586909,43.55,0.9,2743289
GULF_OF_LION,REPHY,Ponant embouchure,4.109999852449525,43.55,1.08,2743290
GULF_OF_LION,REPHY,Port de Loupian (b),3.6299998568458154,43.44,1.08,2761595
GULF_OF_LION,REPHY,Port de Loupian (b),3.644999856708431,43.44,1.02,2761596
GULF_OF_LION,REPHY,Port de Loupian (b),3.6299998568458154,43.43,0.71,2763262
GULF_OF_LION,REPHY,Port de Loupian (b),3.644999856708431,43.43,0.61,2763263
GULF_OF_LION,REPHY,Roquerols,3.6599998565710474,43.42999999999999,0.83,2763264
GULF_OF_LION,REPHY,Roquerols,3.6749998564336632,43.42999999999999,0.39,2763265
GULF_OF_LION,REPHY,Rousty,4.484999849014923,43.46,0.83,2758318
GULF_OF_LION,REPHY,Rousty,4.49999984887754,43.46,0.55,2758319
GULF_OF_LION,REPHY,Rousty,4.484999849014923,43.45,1.1,2759985
GULF_OF_LION,REPHY,Rousty,4.49999984887754,43.45,0.91,2759986
GULF_OF_LION,REPHY,Sète mer,3.689999856296279,43.39,0.87,2769934
GULF_OF_LION,REPHY,Sète mer,3.704999856158895,43.39,0.36,2769935
GULF_OF_LION,REPHY,Stes Maries 5,4.439999849427076,43.45,0.27,2759982
GULF_OF_LION,REPHY,Stes Maries 5,4.454999849289692,43.45,0.96,2759983
GULF_OF_LION,REPHY,Thau - Crique de l'Angle,3.6599998565710474,43.449999999999996,0.9,2759930
GULF_OF_LION,REPHY,Thau - Crique de l'Angle,3.6749998564336632,43.449999999999996,0.47,2759931
GULF_OF_LION,REPHY,Thau - Crique de l'Angle,3.6599998565710474,43.44,1.18,2761597
GULF_OF_LION,REPHY,Thau - Crique de l'Angle,3.6749998564336632,43.44,0.89,2761598
GULF_OF_LION,REPHY,Varage,5.024999844069098,43.47,0.2,2756687
GULF_OF_LION,REPHY,Vitrolles,5.219999842283105,43.47,0.81,2756700
GULF_OF_LION,REPHY,Vitrolles,5.234999842145721,43.47,0.78,2756701
GULF_OF_LION,REPHY,Vitrolles,5.219999842283105,43.46,0.86,2758367
GULF_OF_LION,REPHY,Vitrolles,5.234999842145721,43.46,0.83,2758368
GULF_OF_LION,SOMLIT,Frioul,5.279999841733569,43.25,1.32,2793378
GULF_OF_LION,SOMLIT,Frioul,5.294999841596185,43.25,0.96,2793379
GULF_OF_LION,SOMLIT,Frioul,5.279999841733569,43.24,0.97,2795045
GULF_OF_LION,SOMLIT,Frioul,5.294999841596185,43.24,0.33,2795046
GULF_OF_LION,SOMLIT,Sete,3.659999856571047,43.33,0.39,2779934
GULF_OF_LION,SOMLIT,Sete,3.659999856571047,43.32,0.76,2781601
SOUTHERN_BRITTANY,REPHY,Amont pont du Guily - 29BE07,-3.660000076385534,47.83,1.11,2029296
SOUTHERN_BRITTANY,REPHY,Amont pont du Guily - 29BE07,-3.6450000765229182,47.83,0.88,2029297
SOUTHERN_BRITTANY,REPHY,Amont pont du Guily - 29BE07,-3.660000076385534,47.82,0.82,2030963
SOUTHERN_BRITTANY,REPHY,Amont pont du Guily - 29BE07,-3.6450000765229182,47.82,0.48,2030964
SOUTHERN_BRITTANY,REPHY,Amont port Kerdruc Rosbras - 29AV02,-3.7500000755612297,47.81999999999999,0.38,2030957
SOUTHERN_BRITTANY,REPHY,Amont port Kerdruc Rosbras - 29AV02,-3.735000075698614,47.81999999999999,0.74,2030958
SOUTHERN_BRITTANY,REPHY,Aval Le Diben - 56V500,-2.64000008572765,47.51,0.28,2082708
SOUTHERN_BRITTANY,REPHY,Aval Le Diben - 56V500,-2.625000085865034,47.51,0.88,2082709
SOUTHERN_BRITTANY,REPHY,Aval Le Diben - 56V500,-2.64000008572765,47.5,1.03,2084375
SOUTHERN_BRITTANY,REPHY,Aval Le Diben - 56V500,-2.625000085865034,47.5,1.33,2084376
SOUTHERN_BRITTANY,REPHY,Aval Le Scav - 56B510,-3.390000078858447,47.809999999999995,0.66,2032648
SOUTHERN_BRITTANY,REPHY,Aval Le Scav - 56B510,-3.375000078995831,47.809999999999995,1.16,2032649
SOUTHERN_BRITTANY,REPHY,Aval Le Scav - 56B510,-3.390000078858447,47.8,0.5,2034315
SOUTHERN_BRITTANY,REPHY,Aval Le Scav - 56B510,-3.375000078995831,47.8,1.07,2034316
SOUTHERN_BRITTANY,REPHY,Aval Pont Lorois - 56ET16,-3.2100000805070557,47.68,1.07,2054331
SOUTHERN_BRITTANY,REPHY,Aval Pont Lorois - 56ET16,-3.19500008064444,47.68,0.7,2054332
SOUTHERN_BRITTANY,REPHY,Aval Pont Lorois - 56ET16,-3.2100000805070557,47.67,0.97,2055998
SOUTHERN_BRITTANY,REPHY,Aval Pont Lorois - 56ET16,-3.19500008064444,47.67,0.54,2055999
SOUTHERN_BRITTANY,REPHY,Aval Port Anna,-2.7900000843538093,47.61999999999999,0.72,2064361
SOUTHERN_BRITTANY,REPHY,Aval Port Anna,-2.7750000844911935,47.61999999999999,0.4,2064362
SOUTHERN_BRITTANY,REPHY,Aval port Corniguel - 29OD08,-4.110000072264013,47.97,0.85,2005928
SOUTHERN_BRITTANY,REPHY,Aval port Corniguel - 29OD08,-4.095000072401397,47.97,0.36,2005929
SOUTHERN_BRITTANY,REPHY,Aval port Corniguel - 29OD08,-4.110000072264013,47.96,1.23,2007595
SOUTHERN_BRITTANY,REPHY,Aval port Corniguel - 29OD08,-4.095000072401397,47.96,0.95,2007596
SOUTHERN_BRITTANY,REPHY,Aval Tréhiguier - 56V100,-2.445000087513643,47.5,0.43,2084388
SOUTHERN_BRITTANY,REPHY,Aval Tréhiguier - 56V100,-2.445000087513643,47.49,0.68,2086055
SOUTHERN_BRITTANY,REPHY,Bailleron,-2.7600000846285773,47.58,0.97,2071031
SOUTHERN_BRITTANY,REPHY,Bailleron,-2.7450000847659615,47.58,0.2,2071032
SOUTHERN_BRITTANY,REPHY,Ban-Gavres,-3.3600000791332154,47.7,0.76,2050987
SOUTHERN_BRITTANY,REPHY,Ban-Gavres,-3.3450000792705996,47.7,0.39,2050988
SOUTHERN_BRITTANY,REPHY,Basse Michaud,-2.595000086139802,47.22999999999999,0.89,2129387
SOUTHERN_BRITTANY,REPHY,Basse Michaud,-2.5800000862771864,47.22999999999999,0.27,2129388
SOUTHERN_BRITTANY,REPHY,Beaumer (b),-3.0450000820182805,47.57,1.1,2072679
SOUTHERN_BRITTANY,REPHY,Beaumer (b),-3.0300000821556647,47.57,0.76,2072680
SOUTHERN_BRITTANY,REPHY,Beaumer (b),-3.0450000820182805,47.56,0.94,2074346
SOUTHERN_BRITTANY,REPHY,Beaumer (b),-3.0300000821556647,47.56,0.49,2074347
SOUTHERN_BRITTANY,REPHY,Beauvoir - le Gois,-2.1150000905360917,46.93,0.26,2179429
SOUTHERN_BRITTANY,REPHY,Beauvoir - le Gois,-2.1150000905360917,46.92,0.88,2181096
SOUTHERN_BRITTANY,REPHY,Beg Meil,-3.990000073363085,47.86,0.8,2024273
SOUTHERN_BRITTANY,REPHY,Beg Meil,-3.9750000735004694,47.86,1.23,2024274
SOUTHERN_BRITTANY,REPHY,Beg Meil,-3.990000073363085,47.85,0.37,2025940
SOUTHERN_BRITTANY,REPHY,Beg Meil,-3.9750000735004694,47.85,1.01,2025941
SOUTHERN_BRITTANY,REPHY,Bignac,-3.19500008064444,47.67,0.94,2055999
SOUTHERN_BRITTANY,REPHY,Bignac,-3.180000080781824,47.67,1.13,2056000
SOUTHERN_BRITTANY,REPHY,Bignac,-3.19500008064444,47.660000000000004,0.46,2057666
SOUTHERN_BRITTANY,REPHY,Bignac,-3.180000080781824,47.660000000000004,0.78,2057667
SOUTHERN_BRITTANY,REPHY,Bois de la Chaise (a),-2.220000089574403,47.01,0.97,2166086
SOUTHERN_BRITTANY,REPHY,Bois de la Chaise (a),-2.2050000897117874,47.01,0.94,2166087
SOUTHERN_BRITTANY,REPHY,Bois de la Chaise (a),-2.220000089574403,47,0.69,2167753
SOUTHERN_BRITTANY,REPHY,Bois de la Chaise (a),-2.2050000897117874,47,0.65,2167754
SOUTHERN_BRITTANY,REPHY,Bois de la Chaise large,-2.2050000897117874,47.019999999999996,0.43,2164420
SOUTHERN_BRITTANY,REPHY,Bois de la Chaise large,-2.1900000898491716,47.019999999999996,0.72,2164421
SOUTHERN_BRITTANY,REPHY,Bonen du Four,-2.655000085590266,47.309999999999995,0.16,2116047
SOUTHERN_BRITTANY,REPHY,Bonen du Four,-2.655000085590266,47.3,0.95,2117714
SOUTHERN_BRITTANY,REPHY,Bonne Source,-2.340000088475331,47.25,0.27,2126070
SOUTHERN_BRITTANY,REPHY,Bonne Source,-2.325000088612715,47.25,0.87,2126071
SOUTHERN_BRITTANY,REPHY,Buisson Méaban,-2.9850000825678165,47.53,0.83,2079351
SOUTHERN_BRITTANY,REPHY,Buisson Méaban,-2.9700000827052007,47.53,0.46,2079352
SOUTHERN_BRITTANY,REPHY,Buisson Méaban,-2.9850000825678165,47.52,1.13,2081018
SOUTHERN_BRITTANY,REPHY,Buisson Méaban,-2.9700000827052007,47.52,0.89,2081019
SOUTHERN_BRITTANY,REPHY,Cale de Rosquemo - 29PA17,-4.2000000714397085,47.86,0.47,2024259
SOUTHERN_BRITTANY,REPHY,Cale de Rosquemo - 29PA17,-4.185000071577092,47.86,0.82,2024260
SOUTHERN_BRITTANY,REPHY,Cale de Rosquemo - 29PA17,-4.2000000714397085,47.85,0.89,2025926
SOUTHERN_BRITTANY,REPHY,Cale de Rosquemo - 29PA17,-4.185000071577092,47.85,1.11,2025927
SOUTHERN_BRITTANY,REPHY,Carrec Bouzen,-3.9450000737752373,47.839999999999996,0.18,2027610
SOUTHERN_BRITTANY,REPHY,Carrec Bouzen,-3.9300000739126215,47.839999999999996,0.98,2027611
SOUTHERN_BRITTANY,REPHY,Carrec Bouzen,-3.9450000737752373,47.83,1.01,2029277
SOUTHERN_BRITTANY,REPHY,Carrec Bouzen,-3.9300000739126215,47.83,1.4,2029278
SOUTHERN_BRITTANY,REPHY,Chimère,-2.910000083254737,47.489999999999995,1.27,2086024
SOUTHERN_BRITTANY,REPHY,Chimère,-2.8950000833921212,47.489999999999995,0.99,2086025
SOUTHERN_BRITTANY,REPHY,Chimère,-2.910000083254737,47.48,0.86,2087691
SOUTHERN_BRITTANY,REPHY,Chimère,-2.8950000833921212,47.48,0.33,2087692
SOUTHERN_BRITTANY,REPHY,Citadelle,-3.165000080919208,47.35,0.94,2109345
SOUTHERN_BRITTANY,REPHY,Citadelle,-3.150000081056592,47.35,0.24,2109346
SOUTHERN_BRITTANY,REPHY,Citadelle,-3.165000080919208,47.34,1.35,2111012
SOUTHERN_BRITTANY,REPHY,Citadelle,-3.150000081056592,47.34,1,2111013
SOUTHERN_BRITTANY,REPHY,Citadelle - 56B600,-3.375000078995831,47.72,1.07,2047652
SOUTHERN_BRITTANY,REPHY,Citadelle - 56B600,-3.3600000791332154,47.72,1.05,2047653
SOUTHERN_BRITTANY,REPHY,Citadelle - 56B600,-3.375000078995831,47.71,0.62,2049319
SOUTHERN_BRITTANY,REPHY,Citadelle - 56B600,-3.3600000791332154,47.71,0.58,2049320
SOUTHERN_BRITTANY,REPHY,Claire Durand,-1.995000091635164,47.059999999999995,0.19,2157766
SOUTHERN_BRITTANY,REPHY,Claire Durand,-1.995000091635164,47.05,0.93,2159433
SOUTHERN_BRITTANY,REPHY,Cofreneau,-2.505000086964107,47.489999999999995,0.11,2086051
SOUTHERN_BRITTANY,REPHY,Concarneau large,-3.960000073637853,47.839999999999996,1.05,2027609
SOUTHERN_BRITTANY,REPHY,Concarneau large,-3.9450000737752373,47.839999999999996,0.82,2027610
SOUTHERN_BRITTANY,REPHY,Concarneau large,-3.960000073637853,47.83,0.84,2029276
SOUTHERN_BRITTANY,REPHY,Concarneau large,-3.9450000737752373,47.83,0.53,2029277
SOUTHERN_BRITTANY,REPHY,Cordemais - 44 L028 (148500),-1.9050000924594688,47.28,0.67,2121098
SOUTHERN_BRITTANY,REPHY,Cordemais - 44 L028 (148500),-1.8900000925968528,47.28,0.91,2121099
SOUTHERN_BRITTANY,REPHY,Cordemais - 44 L028 (148500),-1.9050000924594688,47.27,0.7,2122765
SOUTHERN_BRITTANY,REPHY,Cordemais - 44 L028 (148500),-1.8900000925968528,47.27,0.93,2122766
SOUTHERN_BRITTANY,REPHY,Cost er Lann - 29LA05,-3.5400000774846068,47.82,1.16,2030971
SOUTHERN_BRITTANY,REPHY,Cost er Lann - 29LA05,-3.525000077621991,47.82,0.91,2030972
SOUTHERN_BRITTANY,REPHY,Cost er Lann - 29LA05,-3.5400000774846068,47.81,0.84,2032638
SOUTHERN_BRITTANY,REPHY,Cost er Lann - 29LA05,-3.525000077621991,47.81,0.42,2032639
SOUTHERN_BRITTANY,REPHY,Coupelasse large,-2.070000090948244,47.05,1.12,2159428
SOUTHERN_BRITTANY,REPHY,Coupelasse large,-2.055000091085628,47.05,0.98,2159429
SOUTHERN_BRITTANY,REPHY,Coupelasse large,-2.070000090948244,47.04,0.73,2161095
SOUTHERN_BRITTANY,REPHY,Coupelasse large,-2.055000091085628,47.04,0.5,2161096
SOUTHERN_BRITTANY,REPHY,Coupelasse-Fiol,-2.040000091223012,47.019999999999996,0.43,2164431
SOUTHERN_BRITTANY,REPHY,Coupelasse-Fiol,-2.025000091360396,47.019999999999996,0.73,2164432
SOUTHERN_BRITTANY,REPHY,Creizic,-2.880000083529505,47.589999999999996,1.2,2069356
SOUTHERN_BRITTANY,REPHY,Creizic,-2.865000083666889,47.589999999999996,0.98,2069357
SOUTHERN_BRITTANY,REPHY,Creizic,-2.880000083529505,47.58,0.8,2071023
SOUTHERN_BRITTANY,REPHY,Creizic,-2.865000083666889,47.58,0.4,2071024
SOUTHERN_BRITTANY,REPHY,Creizic 2,-2.8650000836668896,47.58,0.15,2071024
SOUTHERN_BRITTANY,REPHY,Dunes de Brétignolles,-1.845000093009005,46.59,0.18,2236125
SOUTHERN_BRITTANY,REPHY,Dunes de Brétignolles,-1.830000093146389,46.59,0.98,2236126
SOUTHERN_BRITTANY,REPHY,Ecluse Gachère,-1.8450000930090047,46.589999999999996,0.5,2236125
SOUTHERN_BRITTANY,REPHY,Ecluse Gachère,-1.8450000930090047,46.58,0.64,2237792
SOUTHERN_BRITTANY,REPHY,Estuaire (b),-2.2350000894370194,47.22,0.61,2131078
SOUTHERN_BRITTANY,REPHY,Estuaire (b),-2.2200000895744036,47.22,0.63,2131079
SOUTHERN_BRITTANY,REPHY,Estuaire (b),-2.2350000894370194,47.21,1.03,2132745
SOUTHERN_BRITTANY,REPHY,Estuaire (b),-2.2200000895744036,47.21,1.05,2132746
SOUTHERN_BRITTANY,REPHY,Estuaire amont Isle - 29BE26,-3.705000075973382,47.81999999999999,0.4,2030960
SOUTHERN_BRITTANY,REPHY,Estuaire amont Isle - 29BE26,-3.690000076110766,47.81999999999999,0.73,2030961
SOUTHERN_BRITTANY,REPHY,Estuaire face porte neuve - 29BE28,-3.690000076110766,47.83,1.02,2029294
SOUTHERN_BRITTANY,REPHY,Estuaire face porte neuve - 29BE28,-3.6750000762481503,47.83,1.03,2029295
SOUTHERN_BRITTANY,REPHY,Estuaire face porte neuve - 29BE28,-3.690000076110766,47.82,0.61,2030961
SOUTHERN_BRITTANY,REPHY,Estuaire face porte neuve - 29BE28,-3.6750000762481503,47.82,0.62,2030962
SOUTHERN_BRITTANY,REPHY,Etel - Pierres noires,-3.2400000802322877,47.589999999999996,0.21,2069332
SOUTHERN_BRITTANY,REPHY,Etel - Pierres noires,-3.2400000802322877,47.58,0.92,2070999
SOUTHERN_BRITTANY,REPHY,Face anse Kergourlet - 29AV04,-3.7500000755612297,47.85,0.96,2025956
SOUTHERN_BRITTANY,REPHY,Face anse Kergourlet - 29AV04,-3.735000075698614,47.85,1.33,2025957
SOUTHERN_BRITTANY,REPHY,Face anse Kergourlet - 29AV04,-3.7500000755612297,47.84,0.25,2027623
SOUTHERN_BRITTANY,REPHY,Face anse Kergourlet - 29AV04,-3.735000075698614,47.84,0.96,2027624
SOUTHERN_BRITTANY,REPHY,Face moulin marée - 29PA16,-4.215000071302325,47.87,0.39,2022591
SOUTHERN_BRITTANY,REPHY,Face moulin marée - 29PA16,-4.2000000714397085,47.87,0.95,2022592
SOUTHERN_BRITTANY,REPHY,Face moulin marée - 29PA16,-4.215000071302325,47.86,0.82,2024258
SOUTHERN_BRITTANY,REPHY,Face moulin marée - 29PA16,-4.2000000714397085,47.86,1.19,2024259
SOUTHERN_BRITTANY,REPHY,Frandière,-2.175000089986556,46.919999999999995,0.41,2181092
SOUTHERN_BRITTANY,REPHY,Frandière,-2.175000089986556,46.91,0.7,2182759
SOUTHERN_BRITTANY,REPHY,Fromentine,-2.1450000902613238,46.9,0.89,2184428
SOUTHERN_BRITTANY,REPHY,Fromentine,-2.130000090398708,46.9,1.18,2184429
SOUTHERN_BRITTANY,REPHY,Fromentine,-2.1450000902613238,46.89,0.41,2186095
SOUTHERN_BRITTANY,REPHY,Fromentine,-2.130000090398708,46.89,0.88,2186096
SOUTHERN_BRITTANY,REPHY,Galèze,-3.315000079545368,47.75,0.16,2042655
SOUTHERN_BRITTANY,REPHY,Galèze,-3.315000079545368,47.74,0.97,2044322
SOUTHERN_BRITTANY,REPHY,Gresseloup,-2.1450000902613238,46.949999999999996,0.98,2176093
SOUTHERN_BRITTANY,REPHY,Gresseloup,-2.130000090398708,46.949999999999996,0.54,2176094
SOUTHERN_BRITTANY,REPHY,Gresseloup,-2.1450000902613238,46.94,1.08,2177760
SOUTHERN_BRITTANY,REPHY,Gresseloup,-2.130000090398708,46.94,0.7,2177761
SOUTHERN_BRITTANY,REPHY,Houat,-2.955000082842585,47.41,0.77,2099357
SOUTHERN_BRITTANY,REPHY,Houat,-2.940000082979969,47.41,0.63,2099358
SOUTHERN_BRITTANY,REPHY,Houat,-2.955000082842585,47.4,0.96,2101024
SOUTHERN_BRITTANY,REPHY,Houat,-2.940000082979969,47.4,0.85,2101025
SOUTHERN_BRITTANY,REPHY,Ile Chevalier,-4.185000071577092,47.86,0.84,2024260
SOUTHERN_BRITTANY,REPHY,Ile Chevalier,-4.170000071714476,47.86,0.72,2024261
SOUTHERN_BRITTANY,REPHY,Ile Chevalier,-4.185000071577092,47.85,0.87,2025927
SOUTHERN_BRITTANY,REPHY,Ile Chevalier,-4.170000071714476,47.85,0.75,2025928
SOUTHERN_BRITTANY,REPHY,Ile d'Yeu,-2.340000088475331,46.73,0.86,2212754
SOUTHERN_BRITTANY,REPHY,Ile d'Yeu,-2.340000088475331,46.72,0.27,2214421
SOUTHERN_BRITTANY,REPHY,Ile d'Yeu est,-2.295000088887483,46.709999999999994,0.13,2216091
SOUTHERN_BRITTANY,REPHY,Ile Dumet (a),-2.595000086139802,47.43,1.04,2096047
SOUTHERN_BRITTANY,REPHY,Ile Dumet (a),-2.5800000862771864,47.43,1.25,2096048
SOUTHERN_BRITTANY,REPHY,Ile Dumet (a),-2.595000086139802,47.42,0.38,2097714
SOUTHERN_BRITTANY,REPHY,Ile Dumet (a),-2.5800000862771864,47.42,0.79,2097715
SOUTHERN_BRITTANY,REPHY,Ile Kerner,-3.315000079545368,47.71,0.82,2049323
SOUTHERN_BRITTANY,REPHY,Ile Kerner,-3.315000079545368,47.7,0.31,2050990
SOUTHERN_BRITTANY,REPHY,Ile Tudy,-4.170000071714476,47.85,0.2,2025928
SOUTHERN_BRITTANY,REPHY,Ile Tudy,-4.170000071714476,47.84,0.93,2027595
SOUTHERN_BRITTANY,REPHY,Indre - 44 L015 (148000),-1.6800000945202296,47.199999999999996,0.66,2134449
SOUTHERN_BRITTANY,REPHY,Indre - 44 L015 (148000),-1.6650000946576136,47.199999999999996,0.89,2134450
SOUTHERN_BRITTANY,REPHY,Indre - 44 L015 (148000),-1.6800000945202296,47.19,0.72,2136116
SOUTHERN_BRITTANY,REPHY,Indre - 44 L015 (148000),-1.6650000946576136,47.19,0.94,2136117
SOUTHERN_BRITTANY,REPHY,Joalland (a),-2.2200000895744036,47.16,0.12,2141081
SOUTHERN_BRITTANY,REPHY,Karrec Rouz Eau,-2.985000082567817,47.57,0.4,2072683
SOUTHERN_BRITTANY,REPHY,Karrec Rouz Eau,-2.985000082567817,47.56,0.71,2074350
SOUTHERN_BRITTANY,REPHY,Karrec-Rouz,-2.985000082567817,47.57,0.4,2072683
SOUTHERN_BRITTANY,REPHY,Karrec-Rouz,-2.985000082567817,47.56,0.71,2074350
SOUTHERN_BRITTANY,REPHY,Kerdonis,-3.0600000818808963,47.309999999999995,0.43,2116020
SOUTHERN_BRITTANY,REPHY,Kerdonis,-3.0450000820182805,47.309999999999995,0.85,2116021
SOUTHERN_BRITTANY,REPHY,Kerdonis,-3.0600000818808963,47.3,0.9,2117687
SOUTHERN_BRITTANY,REPHY,Kerdonis,-3.0450000820182805,47.3,1.16,2117688
SOUTHERN_BRITTANY,REPHY,Kerisper,-3.0300000821556643,47.6,1.03,2067679
SOUTHERN_BRITTANY,REPHY,Kerisper,-3.0150000822930485,47.6,1.05,2067680
SOUTHERN_BRITTANY,REPHY,Kerisper,-3.0300000821556643,47.59,0.6,2069346
SOUTHERN_BRITTANY,REPHY,Kerisper,-3.0150000822930485,47.59,0.62,2069347
SOUTHERN_BRITTANY,REPHY,Kerist,-3.990000073363085,47.9,0.86,2017605
SOUTHERN_BRITTANY,REPHY,Kerist,-3.9750000735004694,47.9,0.33,2017606
SOUTHERN_BRITTANY,REPHY,Kerist,-3.990000073363085,47.89,1.25,2019272
SOUTHERN_BRITTANY,REPHY,Kerist,-3.9750000735004694,47.89,0.97,2019273
SOUTHERN_BRITTANY,REPHY,Kerivaud,-2.955000082842585,47.58,0.74,2071018
SOUTHERN_BRITTANY,REPHY,Kerivaud,-2.940000082979969,47.58,0.51,2071019
SOUTHERN_BRITTANY,REPHY,Kerivaud,-2.955000082842585,47.57,1.1,2072685
SOUTHERN_BRITTANY,REPHY,Kerivaud,-2.940000082979969,47.57,0.96,2072686
SOUTHERN_BRITTANY,REPHY,Kérivor Eau,-3.12000008133136,47.57,1.09,2072674
SOUTHERN_BRITTANY,REPHY,Kérivor Eau,-3.105000081468744,47.57,0.74,2072675
SOUTHERN_BRITTANY,REPHY,Kérivor Eau,-3.12000008133136,47.56,0.95,2074341
SOUTHERN_BRITTANY,REPHY,Kérivor Eau,-3.105000081468744,47.56,0.51,2074342
SOUTHERN_BRITTANY,REPHY,Kervoyal Eau,-2.535000086689338,47.51,0.85,2082715
SOUTHERN_BRITTANY,REPHY,Kervoyal Eau,-2.5200000868267223,47.51,0.58,2082716
SOUTHERN_BRITTANY,REPHY,Kervoyal Eau,-2.535000086689338,47.5,1.01,2084382
SOUTHERN_BRITTANY,REPHY,Kervoyal Eau,-2.5200000868267223,47.5,0.79,2084383
SOUTHERN_BRITTANY,REPHY,L'Ile,-3.705000075973382,47.82,0.48,2030960
SOUTHERN_BRITTANY,REPHY,L'Ile,-3.690000076110766,47.82,0.87,2030961
SOUTHERN_BRITTANY,REPHY,L'Ile,-3.705000075973382,47.81,0.83,2032627
SOUTHERN_BRITTANY,REPHY,L'Ile,-3.690000076110766,47.81,1.1,2032628
SOUTHERN_BRITTANY,REPHY,La Guérinière,-2.2350000894370194,46.97,0.63,2172753
SOUTHERN_BRITTANY,REPHY,La Guérinière,-2.2200000895744036,46.97,0.91,2172754
SOUTHERN_BRITTANY,REPHY,La Guérinière,-2.2350000894370194,46.96,0.72,2174420
SOUTHERN_BRITTANY,REPHY,La Guérinière,-2.2200000895744036,46.96,0.97,2174421
SOUTHERN_BRITTANY,REPHY,La Sablaire,-2.3250000886127156,46.72999999999999,0.12,2212755
SOUTHERN_BRITTANY,REPHY,La Torche,-4.350000070065867,47.839999999999996,0.21,2027583
SOUTHERN_BRITTANY,REPHY,La Torche,-4.350000070065867,47.83,0.91,2029250
SOUTHERN_BRITTANY,REPHY,La Turballe,-2.5200000868267223,47.35,0.47,2109388
SOUTHERN_BRITTANY,REPHY,La Turballe,-2.5050000869641065,47.35,0.89,2109389
SOUTHERN_BRITTANY,REPHY,La Turballe,-2.5200000868267223,47.34,0.82,2111055
SOUTHERN_BRITTANY,REPHY,La Turballe,-2.5050000869641065,47.34,1.12,2111056
SOUTHERN_BRITTANY,REPHY,Large pointe grosse terre,-2.0400000912230123,46.64,0.79,2227777
SOUTHERN_BRITTANY,REPHY,Large pointe grosse terre,-2.0400000912230123,46.63,0.33,2229444
SOUTHERN_BRITTANY,REPHY,Le Croisic (a),-2.5200000868267223,47.3,0.44,2117723
SOUTHERN_BRITTANY,REPHY,Le Croisic (a),-2.5050000869641065,47.3,0.69,2117724
SOUTHERN_BRITTANY,REPHY,Le Guilvin,-2.9400000829799686,47.56999999999999,0.51,2072686
SOUTHERN_BRITTANY,REPHY,Le Guilvin,-2.925000083117353,47.56999999999999,0.61,2072687
SOUTHERN_BRITTANY,REPHY,Le Halguen,-2.5050000869641065,47.51,1.35,2082717
SOUTHERN_BRITTANY,REPHY,Le Halguen,-2.4900000871014907,47.51,0.95,2082718
SOUTHERN_BRITTANY,REPHY,Le Halguen,-2.5050000869641065,47.5,0.98,2084384
SOUTHERN_BRITTANY,REPHY,Le Halguen,-2.4900000871014907,47.5,0.24,2084385
SOUTHERN_BRITTANY,REPHY,Le Henant,-3.765000075423846,47.839999999999996,0.8,2027622
SOUTHERN_BRITTANY,REPHY,Le Henant,-3.75000007556123,47.839999999999996,0.67,2027623
SOUTHERN_BRITTANY,REPHY,Le Henant,-3.765000075423846,47.83,0.91,2029289
SOUTHERN_BRITTANY,REPHY,Le Henant,-3.75000007556123,47.83,0.8,2029290
SOUTHERN_BRITTANY,REPHY,Le Lac,-3.0300000821556643,47.62,0.85,2064345
SOUTHERN_BRITTANY,REPHY,Le Lac,-3.0150000822930485,47.62,1.2,2064346
SOUTHERN_BRITTANY,REPHY,Le Lac,-3.0300000821556643,47.61,0.39,2066012
SOUTHERN_BRITTANY,REPHY,Le Lac,-3.0150000822930485,47.61,0.93,2066013
SOUTHERN_BRITTANY,REPHY,Le Letty,-4.080000072538781,47.87,0.51,2022600
SOUTHERN_BRITTANY,REPHY,Le Letty,-4.065000072676165,47.87,0.95,2022601
SOUTHERN_BRITTANY,REPHY,Le Letty,-4.080000072538781,47.86,0.74,2024267
SOUTHERN_BRITTANY,REPHY,Le Letty,-4.065000072676165,47.86,1.09,2024268
SOUTHERN_BRITTANY,REPHY,Le Marescle,-2.5050000869641065,47.47,0.99,2089385
SOUTHERN_BRITTANY,REPHY,Le Marescle,-2.4900000871014907,47.47,0.96,2089386
SOUTHERN_BRITTANY,REPHY,Le Marescle,-2.5050000869641065,47.46,0.67,2091052
SOUTHERN_BRITTANY,REPHY,Le Marescle,-2.4900000871014907,47.46,0.62,2091053
SOUTHERN_BRITTANY,REPHY,Le Moustoir,-2.9550000828425853,47.61,0.92,2066017
SOUTHERN_BRITTANY,REPHY,Le Moustoir,-2.9550000828425853,47.6,0.2,2067684
SOUTHERN_BRITTANY,REPHY,Le Passage - Noyalo,-2.7300000849033457,47.589999999999996,0.56,2069366
SOUTHERN_BRITTANY,REPHY,Le Passage - Noyalo,-2.71500008504073,47.589999999999996,0.59,2069367
SOUTHERN_BRITTANY,REPHY,Le Passage - Noyalo,-2.7300000849033457,47.58,1.12,2071033
SOUTHERN_BRITTANY,REPHY,Le Passage - Noyalo,-2.71500008504073,47.58,1.14,2071034
SOUTHERN_BRITTANY,REPHY,Le Perick,-2.895000083392121,47.6,1.21,2067688
SOUTHERN_BRITTANY,REPHY,Le Perick,-2.880000083529505,47.6,0.78,2067689
SOUTHERN_BRITTANY,REPHY,Le Perick,-2.895000083392121,47.59,1.01,2069355
SOUTHERN_BRITTANY,REPHY,Le Perick,-2.880000083529505,47.59,0.4,2069356
SOUTHERN_BRITTANY,REPHY,Le Petit Sécé - 56V120,-2.5050000869641065,47.51,1.07,2082717
SOUTHERN_BRITTANY,REPHY,Le Petit Sécé - 56V120,-2.4900000871014907,47.51,0.43,2082718
SOUTHERN_BRITTANY,REPHY,Le Petit Sécé - 56V120,-2.5050000869641065,47.5,1.22,2084384
SOUTHERN_BRITTANY,REPHY,Le Petit Sécé - 56V120,-2.4900000871014907,47.5,0.72,2084385
SOUTHERN_BRITTANY,REPHY,Le Pradic,-3.2100000805070557,47.66,0.9,2057665
SOUTHERN_BRITTANY,REPHY,Le Pradic,-3.19500008064444,47.66,1.23,2057666
SOUTHERN_BRITTANY,REPHY,Le Pradic,-3.2100000805070557,47.65,0.35,2059332
SOUTHERN_BRITTANY,REPHY,Le Pradic,-3.19500008064444,47.65,0.91,2059333
SOUTHERN_BRITTANY,REPHY,Le Scal,-2.4600000873762586,47.5,1.14,2084387
SOUTHERN_BRITTANY,REPHY,Le Scal,-2.445000087513643,47.5,0.61,2084388
SOUTHERN_BRITTANY,REPHY,Le Scal,-2.4600000873762586,47.49,1.11,2086054
SOUTHERN_BRITTANY,REPHY,Le Scal,-2.445000087513643,47.49,0.54,2086055
SOUTHERN_BRITTANY,REPHY,Le Scoré,-3.960000073637853,47.879999999999995,0.66,2020941
SOUTHERN_BRITTANY,REPHY,Le Scoré,-3.9450000737752373,47.879999999999995,0.85,2020942
SOUTHERN_BRITTANY,REPHY,Le Scoré,-3.960000073637853,47.87,0.75,2022608
SOUTHERN_BRITTANY,REPHY,Le Scoré,-3.9450000737752373,47.87,0.92,2022609
SOUTHERN_BRITTANY,REPHY,Les Boureseaux,-2.9400000829799686,47.559999999999995,0.84,2074353
SOUTHERN_BRITTANY,REPHY,Les Boureseaux,-2.925000083117353,47.559999999999995,1.19,2074354
SOUTHERN_BRITTANY,REPHY,Les Boureseaux,-2.9400000829799686,47.55,0.4,2076020
SOUTHERN_BRITTANY,REPHY,Les Boureseaux,-2.925000083117353,47.55,0.93,2076021
SOUTHERN_BRITTANY,REPHY,Les Glénan,-3.990000073363085,47.739999999999995,0.78,2044277
SOUTHERN_BRITTANY,REPHY,Les Glénan,-3.9750000735004694,47.739999999999995,1.15,2044278
SOUTHERN_BRITTANY,REPHY,Les Glénan,-3.990000073363085,47.73,0.44,2045944
SOUTHERN_BRITTANY,REPHY,Les Glénan,-3.9750000735004694,47.73,0.95,2045945
SOUTHERN_BRITTANY,REPHY,Lorient 16,-3.435000078446295,47.67,0.62,2055983
SOUTHERN_BRITTANY,REPHY,Lorient 16,-3.420000078583679,47.67,0.72,2055984
SOUTHERN_BRITTANY,REPHY,Lorient 16,-3.435000078446295,47.660000000000004,0.91,2057650
SOUTHERN_BRITTANY,REPHY,Lorient 16,-3.420000078583679,47.660000000000004,0.97,2057651
SOUTHERN_BRITTANY,REPHY,Mané Hellec,-3.180000080781824,47.699999999999996,0.46,2050999
SOUTHERN_BRITTANY,REPHY,Mané Hellec,-3.1650000809192083,47.699999999999996,0.7,2051000
SOUTHERN_BRITTANY,REPHY,Mané Hellec,-3.180000080781824,47.69,1.06,2052666
SOUTHERN_BRITTANY,REPHY,Mané Hellec,-3.1650000809192083,47.69,1.18,2052667
SOUTHERN_BRITTANY,REPHY,Méaban,-2.9400000829799686,47.519999999999996,0.8,2081021
SOUTHERN_BRITTANY,REPHY,Méaban,-2.925000083117353,47.519999999999996,0.98,2081022
SOUTHERN_BRITTANY,REPHY,Méaban,-2.9400000829799686,47.51,0.61,2082688
SOUTHERN_BRITTANY,REPHY,Méaban,-2.925000083117353,47.51,0.83,2082689
SOUTHERN_BRITTANY,REPHY,Men Du,-3.840000074736926,47.78,0.74,2037619
SOUTHERN_BRITTANY,REPHY,Men Du,-3.840000074736926,47.77,0.37,2039286
SOUTHERN_BRITTANY,REPHY,Men er Roue,-3.105000081468744,47.54,1.03,2077676
SOUTHERN_BRITTANY,REPHY,Men er Roue,-3.0900000816061284,47.54,0.65,2077677
SOUTHERN_BRITTANY,REPHY,Men er Roue,-3.105000081468744,47.53,1,2079343
SOUTHERN_BRITTANY,REPHY,Men er Roue,-3.0900000816061284,47.53,0.6,2079344
SOUTHERN_BRITTANY,REPHY,Merquel,-2.4750000872388744,47.43,1.18,2096055
SOUTHERN_BRITTANY,REPHY,Merquel,-2.4600000873762586,47.43,1.12,2096056
SOUTHERN_BRITTANY,REPHY,Merquel,-2.4750000872388744,47.42,0.64,2097722
SOUTHERN_BRITTANY,REPHY,Merquel,-2.4600000873762586,47.42,0.51,2097723
SOUTHERN_BRITTANY,REPHY,Merrien port,-3.660000076385534,47.79,1.26,2035964
SOUTHERN_BRITTANY,REPHY,Merrien port,-3.6450000765229182,47.79,0.85,2035965
SOUTHERN_BRITTANY,REPHY,Merrien port,-3.660000076385534,47.78,0.99,2037631
SOUTHERN_BRITTANY,REPHY,Merrien port,-3.6450000765229182,47.78,0.33,2037632
SOUTHERN_BRITTANY,REPHY,Moulin Mer,-3.8850000743247737,47.86,0.3,2024280
SOUTHERN_BRITTANY,REPHY,Moulin Mer,-3.8850000743247737,47.85,0.84,2025947
SOUTHERN_BRITTANY,REPHY,Moulin mer - 29BE08,-3.6450000765229182,47.83,0.44,2029297
SOUTHERN_BRITTANY,REPHY,Moulin mer - 29BE08,-3.6300000766603024,47.83,0.72,2029298
SOUTHERN_BRITTANY,REPHY,Moulin mer - 29BE08,-3.6450000765229182,47.82,1.07,2030964
SOUTHERN_BRITTANY,REPHY,Moulin mer - 29BE08,-3.6300000766603024,47.82,1.21,2030965
SOUTHERN_BRITTANY,REPHY,Moulin Sach,-3.19500008064444,47.66,0.56,2057666
SOUTHERN_BRITTANY,REPHY,Moulin Sach,-3.180000080781824,47.66,0.59,2057667
SOUTHERN_BRITTANY,REPHY,Moutons,-4.035000072950933,47.79,0.99,2035939
SOUTHERN_BRITTANY,REPHY,Moutons,-4.020000073088317,47.79,1.09,2035940
SOUTHERN_BRITTANY,REPHY,Moutons,-4.035000072950933,47.78,0.53,2037606
SOUTHERN_BRITTANY,REPHY,Moutons,-4.020000073088317,47.78,0.69,2037607
SOUTHERN_BRITTANY,REPHY,NE Dupuch,-3.0600000818808963,47.54,0.85,2077679
SOUTHERN_BRITTANY,REPHY,NE Dupuch,-3.0450000820182805,47.54,1.15,2077680
SOUTHERN_BRITTANY,REPHY,NE Dupuch,-3.0600000818808963,47.53,0.43,2079346
SOUTHERN_BRITTANY,REPHY,NE Dupuch,-3.0450000820182805,47.53,0.89,2079347
SOUTHERN_BRITTANY,REPHY,Nord Dumet,-2.655000085590266,47.459999999999994,0.12,2091042
SOUTHERN_BRITTANY,REPHY,Ouest Loscolo,-2.5500000865519543,47.46,0.92,2091049
SOUTHERN_BRITTANY,REPHY,Ouest Loscolo,-2.5350000866893385,47.46,0.36,2091050
SOUTHERN_BRITTANY,REPHY,Ouest Loscolo,-2.5500000865519543,47.45,1.22,2092716
SOUTHERN_BRITTANY,REPHY,Ouest Loscolo,-2.5350000866893385,47.45,0.88,2092717
SOUTHERN_BRITTANY,REPHY,Pendruc,-3.9000000741873895,47.839999999999996,1.1,2027613
SOUTHERN_BRITTANY,REPHY,Pendruc,-3.8850000743247737,47.839999999999996,1.01,2027614
SOUTHERN_BRITTANY,REPHY,Pendruc,-3.9000000741873895,47.83,0.68,2029280
SOUTHERN_BRITTANY,REPHY,Pendruc,-3.8850000743247737,47.83,0.52,2029281
SOUTHERN_BRITTANY,REPHY,Penerf,-2.6250000858650337,47.519999999999996,0.81,2081042
SOUTHERN_BRITTANY,REPHY,Penerf,-2.610000086002418,47.519999999999996,0.7,2081043
SOUTHERN_BRITTANY,REPHY,Penerf,-2.6250000858650337,47.51,0.88,2082709
SOUTHERN_BRITTANY,REPHY,Penerf,-2.610000086002418,47.51,0.78,2082710
SOUTHERN_BRITTANY,REPHY,Penfoulic,-3.990000073363085,47.9,1.01,2017605
SOUTHERN_BRITTANY,REPHY,Penfoulic,-3.9750000735004694,47.9,0.93,2017606
SOUTHERN_BRITTANY,REPHY,Penfoulic,-3.990000073363085,47.89,0.7,2019272
SOUTHERN_BRITTANY,REPHY,Penfoulic,-3.9750000735004694,47.89,0.59,2019273
SOUTHERN_BRITTANY,REPHY,Penvins,-2.6700000854528816,47.489999999999995,0.87,2086040
SOUTHERN_BRITTANY,REPHY,Penvins,-2.655000085590266,47.489999999999995,1.3,2086041
SOUTHERN_BRITTANY,REPHY,Penvins,-2.6700000854528816,47.48,0.3,2087707
SOUTHERN_BRITTANY,REPHY,Penvins,-2.655000085590266,47.48,1.01,2087708
SOUTHERN_BRITTANY,REPHY,Phare du Coq - 29OD16,-4.125000072126629,47.879999999999995,0.85,2020930
SOUTHERN_BRITTANY,REPHY,Phare du Coq - 29OD16,-4.110000072264013,47.879999999999995,0.79,2020931
SOUTHERN_BRITTANY,REPHY,Phare du Coq - 29OD16,-4.125000072126629,47.87,0.8,2022597
SOUTHERN_BRITTANY,REPHY,Phare du Coq - 29OD16,-4.110000072264013,47.87,0.73,2022598
SOUTHERN_BRITTANY,REPHY,Piriac sémaphore,-2.56500008641457,47.379999999999995,0.96,2104384
SOUTHERN_BRITTANY,REPHY,Piriac sémaphore,-2.5500000865519543,47.379999999999995,1,2104385
SOUTHERN_BRITTANY,REPHY,Piriac sémaphore,-2.56500008641457,47.37,0.61,2106051
SOUTHERN_BRITTANY,REPHY,Piriac sémaphore,-2.5500000865519543,47.37,0.68,2106052
SOUTHERN_BRITTANY,REPHY,Plijadur,-3.045000082018281,47.589999999999996,0.2,2069345
SOUTHERN_BRITTANY,REPHY,Plijadur,-3.045000082018281,47.58,0.91,2071012
SOUTHERN_BRITTANY,REPHY,Pointe Castelli,-2.56500008641457,47.379999999999995,0.44,2104384
SOUTHERN_BRITTANY,REPHY,Pointe Castelli,-2.5500000865519543,47.379999999999995,0.77,2104385
SOUTHERN_BRITTANY,REPHY,Pointe Castelli,-2.56500008641457,47.37,0.99,2106051
SOUTHERN_BRITTANY,REPHY,Pointe Castelli,-2.5500000865519543,47.37,1.17,2106052
SOUTHERN_BRITTANY,REPHY,Pointe Colomban,-3.105000081468744,47.559999999999995,0.47,2074342
SOUTHERN_BRITTANY,REPHY,Pointe Colomban,-3.0900000816061284,47.559999999999995,0.77,2074343
SOUTHERN_BRITTANY,REPHY,Pointe Colomban,-3.105000081468744,47.55,0.96,2076009
SOUTHERN_BRITTANY,REPHY,Pointe Colomban,-3.0900000816061284,47.55,1.13,2076010
SOUTHERN_BRITTANY,REPHY,Pointe de Chemoulin (a),-2.310000088750099,47.239999999999995,1.17,2127739
SOUTHERN_BRITTANY,REPHY,Pointe de Chemoulin (a),-2.295000088887483,47.239999999999995,1.11,2127740
SOUTHERN_BRITTANY,REPHY,Pointe de Chemoulin (a),-2.310000088750099,47.23,0.64,2129406
SOUTHERN_BRITTANY,REPHY,Pointe de Chemoulin (a),-2.295000088887483,47.23,0.52,2129407
SOUTHERN_BRITTANY,REPHY,Pointe du Bile,-2.4900000871014902,47.44,0.18,2094387
SOUTHERN_BRITTANY,REPHY,Pointe du Bile,-2.4750000872388744,47.44,0.95,2094388
SOUTHERN_BRITTANY,REPHY,Pointe du But,-2.400000087925795,46.73,0.37,2212750
SOUTHERN_BRITTANY,REPHY,Pointe du But,-2.400000087925795,46.72,0.74,2214417
SOUTHERN_BRITTANY,REPHY,Pointe er Fosse Eau,-2.64000008572765,47.51,0.2,2082708
SOUTHERN_BRITTANY,REPHY,Pointe er Fosse Eau,-2.625000085865034,47.51,0.98,2082709
SOUTHERN_BRITTANY,REPHY,Pointe er Fosse Eau,-2.64000008572765,47.5,1,2084375
SOUTHERN_BRITTANY,REPHY,Pointe er Fosse Eau,-2.625000085865034,47.5,1.38,2084376
SOUTHERN_BRITTANY,REPHY,Pointe Pen Bé,-2.460000087376259,47.43,0.99,2096056
SOUTHERN_BRITTANY,REPHY,Pointe Pen Bé,-2.460000087376259,47.42,0.15,2097723
SOUTHERN_BRITTANY,REPHY,Pointe St Gildas (a),-2.2500000892996352,47.14,0.29,2144413
SOUTHERN_BRITTANY,REPHY,Pointe St Gildas (a),-2.2350000894370194,47.14,0.85,2144414
SOUTHERN_BRITTANY,REPHY,Pointe St Gildas large,-2.2800000890248673,47.14,1.1,2144411
SOUTHERN_BRITTANY,REPHY,Pointe St Gildas large,-2.2650000891622515,47.14,0.62,2144412
SOUTHERN_BRITTANY,REPHY,Pointe St Gildas large,-2.2800000890248673,47.13,1.07,2146078
SOUTHERN_BRITTANY,REPHY,Pointe St Gildas large,-2.2650000891622515,47.13,0.57,2146079
SOUTHERN_BRITTANY,REPHY,Pont du Bonhomme - 56B480,-3.3150000795453676,47.769999999999996,1.08,2039321
SOUTHERN_BRITTANY,REPHY,Pont du Bonhomme - 56B480,-3.3000000796827518,47.769999999999996,0.78,2039322
SOUTHERN_BRITTANY,REPHY,Pont du Bonhomme - 56B480,-3.3150000795453676,47.76,0.91,2040988
SOUTHERN_BRITTANY,REPHY,Pont du Bonhomme - 56B480,-3.3000000796827518,47.76,0.51,2040989
SOUTHERN_BRITTANY,REPHY,Pont Mahé Eau,-2.4900000871014902,47.44,1.19,2094387
SOUTHERN_BRITTANY,REPHY,Pont Mahé Eau,-2.4750000872388744,47.44,0.91,2094388
SOUTHERN_BRITTANY,REPHY,Pont Mahé Eau,-2.4900000871014902,47.43,0.86,2096054
SOUTHERN_BRITTANY,REPHY,Pont Mahé Eau,-2.4750000872388744,47.43,0.4,2096055
SOUTHERN_BRITTANY,REPHY,Pont St Maurice - 29LA03,-3.5250000776219905,47.8,0.32,2034306
SOUTHERN_BRITTANY,REPHY,Pont St Maurice - 29LA03,-3.5100000777593747,47.8,1,2034307
SOUTHERN_BRITTANY,REPHY,Pont St Maurice - 29LA03,-3.5250000776219905,47.79,0.85,2035973
SOUTHERN_BRITTANY,REPHY,Pont St Maurice - 29LA03,-3.5100000777593747,47.79,1.28,2035974
SOUTHERN_BRITTANY,REPHY,Pornichet,-2.3550000883379467,47.26,0.55,2124402
SOUTHERN_BRITTANY,REPHY,Pornichet,-2.340000088475331,47.26,0.63,2124403
SOUTHERN_BRITTANY,REPHY,Pornichet,-2.3550000883379467,47.25,1.08,2126069
SOUTHERN_BRITTANY,REPHY,Pornichet,-2.340000088475331,47.25,1.13,2126070
SOUTHERN_BRITTANY,REPHY,Porsmoric (a),-3.5400000774846068,47.79,1.07,2035972
SOUTHERN_BRITTANY,REPHY,Porsmoric (a),-3.525000077621991,47.79,1.04,2035973
SOUTHERN_BRITTANY,REPHY,Porsmoric (a),-3.5400000774846068,47.78,0.63,2037639
SOUTHERN_BRITTANY,REPHY,Porsmoric (a),-3.525000077621991,47.78,0.58,2037640
SOUTHERN_BRITTANY,REPHY,Port au Loup,-2.5350000866893385,47.39,0.48,2102719
SOUTHERN_BRITTANY,REPHY,Port au Loup,-2.5350000866893385,47.38,0.63,2104386
SOUTHERN_BRITTANY,REPHY,Port de Bélon,-3.7050000759733823,47.82,0.71,2030960
SOUTHERN_BRITTANY,REPHY,Port de Bélon,-3.7050000759733823,47.81,0.41,2032627
SOUTHERN_BRITTANY,REPHY,Port Etel,-3.2100000805070557,47.66,0.44,2057665
SOUTHERN_BRITTANY,REPHY,Port Etel,-3.19500008064444,47.66,0.99,2057666
SOUTHERN_BRITTANY,REPHY,Port Etel,-3.2100000805070557,47.65,0.75,2059332
SOUTHERN_BRITTANY,REPHY,Port Etel,-3.19500008064444,47.65,1.17,2059333
SOUTHERN_BRITTANY,REPHY,Port Joinville,-2.3550000883379467,46.72999999999999,0.53,2212753
SOUTHERN_BRITTANY,REPHY,Port Joinville,-2.340000088475331,46.72999999999999,0.63,2212754
SOUTHERN_BRITTANY,REPHY,Port Lin,-2.5200000868267223,47.29,1.08,2119390
SOUTHERN_BRITTANY,REPHY,Port Lin,-2.5050000869641065,47.29,0.73,2119391
SOUTHERN_BRITTANY,REPHY,Port Lin,-2.5200000868267223,47.28,0.95,2121057
SOUTHERN_BRITTANY,REPHY,Port Lin,-2.5050000869641065,47.28,0.53,2121058
SOUTHERN_BRITTANY,REPHY,Poudrantais,-2.5050000869641065,47.47,0.34,2089385
SOUTHERN_BRITTANY,REPHY,Poudrantais,-2.4900000871014907,47.47,0.88,2089386
SOUTHERN_BRITTANY,REPHY,Poudrantais,-2.5050000869641065,47.46,0.95,2091052
SOUTHERN_BRITTANY,REPHY,Poudrantais,-2.4900000871014907,47.46,1.25,2091053
SOUTHERN_BRITTANY,REPHY,Pouldon SE Ile Chevalier - PA20,-4.185000071577092,47.849999999999994,0.8,2025927
SOUTHERN_BRITTANY,REPHY,Pouldon SE Ile Chevalier - PA20,-4.170000071714476,47.849999999999994,0.32,2025928
SOUTHERN_BRITTANY,REPHY,Poulguin,-3.75000007556123,47.82,0.6,2030957
SOUTHERN_BRITTANY,REPHY,Poulguin,-3.75000007556123,47.81,0.52,2032624
SOUTHERN_BRITTANY,REPHY,Queblen - 29LA11,-3.5550000773472226,47.86,1.03,2024302
SOUTHERN_BRITTANY,REPHY,Queblen - 29LA11,-3.5400000774846068,47.86,0.43,2024303
SOUTHERN_BRITTANY,REPHY,Queblen - 29LA11,-3.5550000773472226,47.85,1.19,2025969
SOUTHERN_BRITTANY,REPHY,Queblen - 29LA11,-3.5400000774846068,47.85,0.74,2025970
SOUTHERN_BRITTANY,REPHY,Rade de Lorient - 56B560,-3.3600000791332154,47.739999999999995,0.76,2044319
SOUTHERN_BRITTANY,REPHY,Rade de Lorient - 56B560,-3.3450000792705996,47.739999999999995,0.72,2044320
SOUTHERN_BRITTANY,REPHY,Rade de Lorient - 56B560,-3.3600000791332154,47.73,0.87,2045986
SOUTHERN_BRITTANY,REPHY,Rade de Lorient - 56B560,-3.3450000792705996,47.73,0.83,2045987
SOUTHERN_BRITTANY,REPHY,Rochers verts,-1.860000092871621,46.58,0.99,2237791
SOUTHERN_BRITTANY,REPHY,Rochers verts,-1.845000093009005,46.58,0.19,2237792
SOUTHERN_BRITTANY,REPHY,Roquenec,-3.210000080507056,47.67,0.42,2055998
SOUTHERN_BRITTANY,REPHY,Roquenec,-3.210000080507056,47.660000000000004,0.71,2057665
SOUTHERN_BRITTANY,REPHY,Rosbraz,-3.7500000755612297,47.81999999999999,0.44,2030957
SOUTHERN_BRITTANY,REPHY,Rosbraz,-3.735000075698614,47.81999999999999,0.69,2030958
SOUTHERN_BRITTANY,REPHY,Saint Christophe - 56B530,-3.375000078995831,47.769999999999996,1.33,2039317
SOUTHERN_BRITTANY,REPHY,Saint Christophe - 56B530,-3.3600000791332154,47.769999999999996,1.03,2039318
SOUTHERN_BRITTANY,REPHY,Saint Christophe - 56B530,-3.375000078995831,47.76,0.88,2040984
SOUTHERN_BRITTANY,REPHY,Saint Christophe - 56B530,-3.3600000791332154,47.76,0.27,2040985
SOUTHERN_BRITTANY,REPHY,Saint-Nazaire - 44 L029 (149200),-2.1750000899865554,47.28999999999999,0.38,2119413
SOUTHERN_BRITTANY,REPHY,Saint-Nazaire - 44 L029 (149200),-2.1600000901239396,47.28999999999999,0.75,2119414
SOUTHERN_BRITTANY,REPHY,Skividen,-4.245000071027556,47.79,0.33,2035925
SOUTHERN_BRITTANY,REPHY,Skividen,-4.23000007116494,47.79,0.87,2035926
SOUTHERN_BRITTANY,REPHY,Skividen,-4.245000071027556,47.78,0.96,2037592
SOUTHERN_BRITTANY,REPHY,Skividen,-4.23000007116494,47.78,1.26,2037593
SOUTHERN_BRITTANY,REPHY,Souris,-3.0300000821556643,47.53,0.78,2079348
SOUTHERN_BRITTANY,REPHY,Souris,-3.0150000822930485,47.53,0.36,2079349
SOUTHERN_BRITTANY,REPHY,St Jean de Mont,-2.08500009081086,46.79,0.49,2202769
SOUTHERN_BRITTANY,REPHY,St Jean de Mont,-2.08500009081086,46.78,0.64,2204436
SOUTHERN_BRITTANY,REPHY,Taillefer,-3.135000081193976,47.41,0.74,2099345
SOUTHERN_BRITTANY,REPHY,Taillefer,-3.1200000813313604,47.41,1.23,2099346
SOUTHERN_BRITTANY,REPHY,Taillefer,-3.135000081193976,47.4,0.41,2101012
SOUTHERN_BRITTANY,REPHY,Taillefer,-3.1200000813313604,47.4,1.07,2101013
SOUTHERN_BRITTANY,REPHY,Treguennec Nord,-4.3800000697911,47.89,1.11,2019246
SOUTHERN_BRITTANY,REPHY,Treguennec Nord,-4.365000069928484,47.89,0.58,2019247
SOUTHERN_BRITTANY,REPHY,Treguennec Nord,-4.3800000697911,47.88,1.1,2020913
SOUTHERN_BRITTANY,REPHY,Treguennec Nord,-4.365000069928484,47.88,0.58,2020914
SOUTHERN_BRITTANY,REPHY,Trehiguier,-2.4450000875136424,47.5,0.79,2084388
SOUTHERN_BRITTANY,REPHY,Trehiguier,-2.4300000876510266,47.5,0.94,2084389
SOUTHERN_BRITTANY,REPHY,Trehiguier,-2.4450000875136424,47.49,0.65,2086055
SOUTHERN_BRITTANY,REPHY,Trehiguier,-2.4300000876510266,47.49,0.82,2086056
SOUTHERN_BRITTANY,REPHY,Treho,-3.0150000822930485,47.56,0.11,2074348
SOUTHERN_BRITTANY,REPHY,Trénogoat,-3.6450000765229182,47.79,0.43,2035965
SOUTHERN_BRITTANY,REPHY,Trénogoat,-3.6450000765229182,47.78,0.69,2037632
SOUTHERN_BRITTANY,REPHY,Trévignon,-3.8400000747369254,47.8,0.71,2034285
SOUTHERN_BRITTANY,REPHY,Trévignon,-3.8250000748743096,47.8,0.68,2034286
SOUTHERN_BRITTANY,REPHY,Trévignon,-3.8400000747369254,47.79,0.91,2035952
SOUTHERN_BRITTANY,REPHY,Trévignon,-3.8250000748743096,47.79,0.89,2035953
SOUTHERN_BRITTANY,REPHY,Tronoen,-4.350000070065867,47.86,0.83,2024249
SOUTHERN_BRITTANY,REPHY,Tronoen,-4.350000070065867,47.85,0.3,2025916
SOUTHERN_BRITTANY,REPHY,Truscat,-2.7600000846285773,47.55,0.54,2076032
SOUTHERN_BRITTANY,REPHY,Truscat,-2.7450000847659615,47.55,0.85,2076033
SOUTHERN_BRITTANY,REPHY,Truscat,-2.7600000846285773,47.54,0.81,2077699
SOUTHERN_BRITTANY,REPHY,Truscat,-2.7450000847659615,47.54,1.04,2077700
SOUTHERN_BRITTANY,REPHY,Yeu large,-2.370000088200563,46.78,1.18,2204417
SOUTHERN_BRITTANY,REPHY,Yeu large,-2.355000088337947,46.78,0.72,2204418
SOUTHERN_BRITTANY,REPHY,Yeu large,-2.370000088200563,46.77,1.04,2206084
SOUTHERN_BRITTANY,REPHY,Yeu large,-2.355000088337947,46.77,0.45,2206085
